2026-09-19T11:41:31  Native Heap 159065 159056 0 43 160124 172112 159229 8229| Dalvik Heap 31481 31376 16 47 36396 20635 10318 10317| Native Heap: 159056 160124| TOTAL PSS: 282528 TOTAL RSS: 402844 TOTAL SWAP PSS: 219|
2026-09-19T11:42:32  Native Heap 27405 27372 24 44 28456 41004 35612 1849| Dalvik Heap 21287 21184 16 53 26204 22936 11468 11468| Native Heap: 27372 28456| TOTAL PSS: 127696 TOTAL RSS: 261968 TOTAL SWAP PSS: 219|
2026-09-19T11:43:32  Native Heap 31671 31640 24 41 32704 45788 39618 1876| Dalvik Heap 20321 19268 964 26 25216 29060 14530 14530| Native Heap: 31640 32704| TOTAL PSS: 135039 TOTAL RSS: 272268 TOTAL SWAP PSS: 160|
2026-09-19T11:44:32  Native Heap 75047 75016 24 41 76072 93580 77317 11332| Dalvik Heap 16653 15600 964 26 21532 29792 14896 14896| Native Heap: 75016 76072| TOTAL PSS: 190673 TOTAL RSS: 329912 TOTAL SWAP PSS: 160|
2026-09-19T11:45:33  Native Heap 63303 63272 24 41 64328 85144 67957 12162| Dalvik Heap 16849 15796 964 26 21728 30057 15029 15028| Native Heap: 63272 64328| TOTAL PSS: 178456 TOTAL RSS: 318880 TOTAL SWAP PSS: 160|
2026-09-19T11:46:33  Native Heap 154989 154960 8 40 156032 181276 157161 18975| Dalvik Heap 19763 18712 960 26 24640 35645 17823 17822| Native Heap: 154960 156032| TOTAL PSS: 285818 TOTAL RSS: 430224 TOTAL SWAP PSS: 159|
2026-09-19T11:47:33  Native Heap 159363 159332 8 40 160408 181164 157156 19160| Dalvik Heap 21307 20256 960 26 26184 35973 17987 17986| Native Heap: 159332 160408| TOTAL PSS: 293034 TOTAL RSS: 437728 TOTAL SWAP PSS: 159|
2026-09-19T11:48:33  Native Heap 159639 159608 8 40 160684 189120 165476 19025| Dalvik Heap 21848 20800 960 26 26608 36389 18195 18194| Native Heap: 159608 160684| TOTAL PSS: 294770 TOTAL RSS: 440144 TOTAL SWAP PSS: 158|
2026-09-19T11:49:34  Native Heap 154987 154956 8 40 156032 182752 158412 19662| Dalvik Heap 21624 20576 960 26 26384 36367 18184 18183| Native Heap: 154956 156032| TOTAL PSS: 289658 TOTAL RSS: 435416 TOTAL SWAP PSS: 158|
2026-09-19T11:50:34  Native Heap 161999 161968 8 40 163044 190972 168527 17962| Dalvik Heap 24060 23012 960 26 28816 37409 18705 18704| Native Heap: 161968 163044| TOTAL PSS: 299602 TOTAL RSS: 445704 TOTAL SWAP PSS: 158|
2026-09-19T11:51:34  Native Heap 112548 112504 8 72 113580 156012 114216 37274| Dalvik Heap 23043 21940 960 44 27744 36614 18307 18307| Native Heap: 112504 113580| TOTAL PSS: 261621 TOTAL RSS: 415560 TOTAL SWAP PSS: 288|
2026-09-19T11:52:34  Native Heap 27373 27340 0 76 28408 41260 35236 2008| Dalvik Heap 10178 10012 16 74 15036 22541 11271 11270| Native Heap: 27340 28408| TOTAL PSS: 117911 TOTAL RSS: 253592 TOTAL SWAP PSS: 376|
2026-09-19T11:53:34  Native Heap 32643 32616 0 76 33680 46868 40022 2452| Dalvik Heap 14673 13560 960 45 19496 28922 14461 14461| Native Heap: 32616 33680| TOTAL PSS: 130717 TOTAL RSS: 270012 TOTAL SWAP PSS: 299|
2026-09-19T11:54:35  Native Heap 388346 388308 8 74 389380 437384 398369 30023| Dalvik Heap 18676 17564 960 45 23484 35928 17964 17964| Native Heap: 388308 389380| TOTAL PSS: 521144 TOTAL RSS: 664900 TOTAL SWAP PSS: 296|
2026-09-19T11:55:35  Native Heap 275770 275732 8 74 276804 353344 266566 81714| Dalvik Heap 20248 19136 960 45 25056 35696 17848 17848| Native Heap: 275732 276804| TOTAL PSS: 410186 TOTAL RSS: 554088 TOTAL SWAP PSS: 296|
2026-09-19T11:56:35  Native Heap 272278 272240 8 74 273312 352456 265351 82055| Dalvik Heap 20356 19244 960 45 25164 35641 17821 17820| Native Heap: 272240 273312| TOTAL PSS: 406843 TOTAL RSS: 550776 TOTAL SWAP PSS: 296|
2026-09-19T11:57:35  Native Heap 281578 281540 8 72 282612 359824 275154 79524| Dalvik Heap 23059 21956 960 44 27760 36890 18445 18445| Native Heap: 281540 282612| TOTAL PSS: 419390 TOTAL RSS: 564292 TOTAL SWAP PSS: 288|
2026-09-19T11:58:36 
2026-09-19T11:59:36  Native Heap 240986 240948 8 72 242024 264480 248769 10709| Dalvik Heap 20856 20700 16 72 25560 37190 18595 18595| Native Heap: 240948 242024| TOTAL PSS: 372011 TOTAL RSS: 511868 TOTAL SWAP PSS: 362|
2026-09-19T12:00:36  Native Heap 30865 30820 8 78 31908 48072 42259 1546| Dalvik Heap 120273 120096 16 115 125108 37567 18784 18783| Native Heap: 30820 31908| TOTAL PSS: 256121 TOTAL RSS: 392960 TOTAL SWAP PSS: 421|
2026-09-19T12:01:36  Native Heap 243836 243796 8 74 244872 266364 251714 9724| Dalvik Heap 26337 25228 960 45 31040 38030 19015 19015| Native Heap: 243796 244872| TOTAL PSS: 383455 TOTAL RSS: 525024 TOTAL SWAP PSS: 298|
2026-09-19T12:02:37  Native Heap 241709 241672 8 74 242740 265988 248953 11369| Dalvik Heap 20413 20252 16 73 25112 37206 18603 18603| Native Heap: 241672 242740| TOTAL PSS: 373027 TOTAL RSS: 512568 TOTAL SWAP PSS: 371|
2026-09-19T12:03:37  Native Heap 106360 106320 8 74 107396 141020 113332 22633| Dalvik Heap 26889 25780 960 45 31588 38580 19290 19290| Native Heap: 106320 107396| TOTAL PSS: 257941 TOTAL RSS: 408804 TOTAL SWAP PSS: 298|
2026-09-19T12:04:37  Native Heap 91436 91396 8 74 92472 125712 96363 24424| Dalvik Heap 20525 19416 960 45 25216 37192 18596 18596| Native Heap: 91396 92472| TOTAL PSS: 235068 TOTAL RSS: 385672 TOTAL SWAP PSS: 297|
2026-09-19T12:05:37  Native Heap 179112 179072 8 74 180148 218164 191472 22139| Dalvik Heap 25685 24576 960 45 30372 37614 18807 18807| Native Heap: 179072 180148| TOTAL PSS: 331636 TOTAL RSS: 484024 TOTAL SWAP PSS: 295|
2026-09-19T12:06:37  Native Heap 351112 351072 8 74 352148 390416 349226 34319| Dalvik Heap 20789 19680 960 45 25476 37461 18731 18730| Native Heap: 351072 352148| TOTAL PSS: 499258 TOTAL RSS: 651712 TOTAL SWAP PSS: 295|
2026-09-19T12:07:38  Native Heap 303564 303524 8 74 304600 407512 284057 117625| Dalvik Heap 26965 25856 960 45 31652 39213 19607 19606| Native Heap: 303524 304600| TOTAL PSS: 457857 TOTAL RSS: 610496 TOTAL SWAP PSS: 295|
2026-09-19T12:08:38  Native Heap 344624 344584 8 74 345660 425828 330450 89419| Dalvik Heap 18901 17792 960 45 23588 36476 18238 18238| Native Heap: 344584 345660| TOTAL PSS: 490805 TOTAL RSS: 643464 TOTAL SWAP PSS: 295|
2026-09-19T12:09:38  Native Heap 118828 118788 8 74 119864 240652 95400 139663| Dalvik Heap 21049 19940 960 45 25736 36046 18023 18023| Native Heap: 118788 119864| TOTAL PSS: 267129 TOTAL RSS: 420396 TOTAL SWAP PSS: 295|
2026-09-19T12:10:38  Native Heap 95924 95884 8 74 96960 228284 83497 139249| Dalvik Heap 25517 24408 960 45 30204 37331 18666 18665| Native Heap: 95884 96960| TOTAL PSS: 247883 TOTAL RSS: 401252 TOTAL SWAP PSS: 295|
2026-09-19T12:11:39  Native Heap 367508 367468 8 74 368544 470440 338735 120782| Dalvik Heap 19125 18016 960 45 23812 36773 18419 18354| Native Heap: 367468 368544| TOTAL PSS: 514821 TOTAL RSS: 668844 TOTAL SWAP PSS: 295|
2026-09-19T12:12:39  Native Heap 104740 104700 8 74 105776 242096 94834 141667| Dalvik Heap 22169 21060 960 45 26856 36599 18300 18299| Native Heap: 104700 105776| TOTAL PSS: 255272 TOTAL RSS: 409832 TOTAL SWAP PSS: 295|
2026-09-19T12:13:39  Native Heap 188444 188404 8 74 189480 331076 194278 130316| Dalvik Heap 19081 17972 960 45 23768 36833 18417 18416| Native Heap: 188404 189480| TOTAL PSS: 336616 TOTAL RSS: 491456 TOTAL SWAP PSS: 295|
2026-09-19T12:14:39  Native Heap 124544 124504 8 74 125580 248924 103077 140271| Dalvik Heap 23249 22140 960 45 27936 36660 18330 18330| Native Heap: 124504 125580| TOTAL PSS: 277592 TOTAL RSS: 433280 TOTAL SWAP PSS: 295|
2026-09-19T12:15:40  Native Heap 165696 165656 8 74 166732 294104 162888 125057| Dalvik Heap 27233 26124 960 45 31920 37236 18618 18618| Native Heap: 165656 166732| TOTAL PSS: 322803 TOTAL RSS: 478404 TOTAL SWAP PSS: 295|
2026-09-19T12:16:40  Native Heap 131004 130964 8 72 132040 251724 105772 140267| Dalvik Heap 30295 29212 920 44 35008 38157 19079 19078| Native Heap: 130964 132040| TOTAL PSS: 292285 TOTAL RSS: 448548 TOTAL SWAP PSS: 288|
2026-09-19T12:17:40  Native Heap 110748 110708 8 72 111784 240576 94679 140233| Dalvik Heap 26275 25192 920 44 30988 37395 18698 18697| Native Heap: 110708 111784| TOTAL PSS: 266401 TOTAL RSS: 422340 TOTAL SWAP PSS: 288|
2026-09-19T12:18:41  Native Heap 109352 109312 8 72 110388 235132 92639 136698| Dalvik Heap 28612 27528 920 44 33324 35548 17774 17774| Native Heap: 109312 110388| TOTAL PSS: 268575 TOTAL RSS: 424508 TOTAL SWAP PSS: 288|
2026-09-19T12:19:41  Native Heap 29059 29032 0 75 30092 42796 36974 2006| Dalvik Heap 13458 13296 16 72 18292 27641 13821 13820| Native Heap: 29032 30092| TOTAL PSS: 124302 TOTAL RSS: 262172 TOTAL SWAP PSS: 364|
2026-09-19T12:20:41  Native Heap 296417 296380 8 72 297448 321664 299139 14632| Dalvik Heap 18303 17216 920 44 23124 36412 18238 18174| Native Heap: 296380 297448| TOTAL PSS: 429079 TOTAL RSS: 572340 TOTAL SWAP PSS: 288|
2026-09-19T12:21:41  Native Heap 314400 314360 8 72 315436 353012 316374 31271| Dalvik Heap 21163 20076 920 44 25984 37276 18638 18638| Native Heap: 314360 315436| TOTAL PSS: 450194 TOTAL RSS: 593752 TOTAL SWAP PSS: 288|
2026-09-19T12:22:42  Native Heap 336052 336012 8 72 337088 411288 287085 118667| Dalvik Heap 27388 26296 920 45 32204 38672 19336 19336| Native Heap: 336012 337088| TOTAL PSS: 478408 TOTAL RSS: 622180 TOTAL SWAP PSS: 293|
2026-09-19T12:23:42 
2026-09-19T12:24:42  Native Heap 244794 244756 8 74 245828 264164 245697 13889| Dalvik Heap 19701 19536 16 74 24520 35733 17867 17866| Native Heap: 244756 245828| TOTAL PSS: 373647 TOTAL RSS: 512404 TOTAL SWAP PSS: 373|
2026-09-19T12:25:42  Native Heap 284383 284348 8 76 285328 367660 267621 95525| Dalvik Heap 21647 21572 16 162 23552 37349 18675 18674| Native Heap: 284348 285328| TOTAL PSS: 415702 TOTAL RSS: 550556 TOTAL SWAP PSS: 489|
2026-09-19T12:26:42  Native Heap 255524 255488 8 76 256472 351904 244853 102437| Dalvik Heap 26319 22396 3844 47 28136 37773 18887 18886| Native Heap: 255488 256472| TOTAL PSS: 394086 TOTAL RSS: 530280 TOTAL SWAP PSS: 320|
2026-09-19T12:27:43 
2026-09-19T12:28:43  Native Heap 27633 27608 0 78 28588 41516 35179 2284| Dalvik Heap 10076 10000 16 163 11996 22581 11291 11290| Native Heap: 27608 28588| TOTAL PSS: 117618 TOTAL RSS: 249496 TOTAL SWAP PSS: 494|
2026-09-19T12:29:43  Native Heap 251215 251180 8 76 252160 263280 250526 7938| Dalvik Heap 21547 17624 3844 47 23356 36666 18333 18333| Native Heap: 251180 252160| TOTAL PSS: 387998 TOTAL RSS: 527400 TOTAL SWAP PSS: 318|
2026-09-19T12:30:43  Native Heap 28959 28932 0 78 29912 42696 36472 2446| Dalvik Heap 11793 11704 28 162 13704 25607 12804 12803| Native Heap: 28932 29912| TOTAL PSS: 121541 TOTAL RSS: 254616 TOTAL SWAP PSS: 491|
2026-09-19T12:31:43  Native Heap 33367 33340 0 78 34320 47792 41261 2339| Dalvik Heap 24671 20744 3844 47 26588 30937 15469 15468| Native Heap: 33340 34320| TOTAL PSS: 142437 TOTAL RSS: 278200 TOTAL SWAP PSS: 320|
2026-09-19T12:32:44  Native Heap 270318 270280 8 76 271268 283976 271626 7119| Dalvik Heap 25399 21484 3836 47 27200 37329 18665 18664| Native Heap: 270280 271268| TOTAL PSS: 411741 TOTAL RSS: 552212 TOTAL SWAP PSS: 317|
2026-09-19T12:33:44  Native Heap 27437 27412 0 78 28384 41516 35211 2300| Dalvik Heap 10056 9980 16 163 11976 22584 11292 11292| Native Heap: 27412 28384| TOTAL PSS: 117752 TOTAL RSS: 249468 TOTAL SWAP PSS: 494|
2026-09-19T12:34:44  Native Heap 29033 29008 0 78 29980 42796 36909 1923| Dalvik Heap 17067 13120 3864 47 19000 27601 13801 13800| Native Heap: 29008 29980| TOTAL PSS: 128763 TOTAL RSS: 262588 TOTAL SWAP PSS: 323|
2026-09-19T12:35:44  Native Heap 137963 137928 8 76 138908 165264 148297 12165| Dalvik Heap 22359 18424 3852 47 24272 35721 17861 17860| Native Heap: 137928 138908| TOTAL PSS: 274555 TOTAL RSS: 413684 TOTAL SWAP PSS: 318|
2026-09-19T12:36:44 
2026-09-19T12:37:45 
2026-09-19T12:38:45 
2026-09-19T12:39:50 
2026-09-19T12:40:50 
2026-09-19T12:41:50  Native Heap 29095 29068 0 77 30048 42952 36625 2492| Dalvik Heap 11736 11656 20 158 13652 25445 12723 12722| Native Heap: 29068 30048| TOTAL PSS: 122072 TOTAL RSS: 254668 TOTAL SWAP PSS: 480|
2026-09-19T12:42:51  Native Heap 271182 271144 8 76 272132 316152 269036 41126| Dalvik Heap 22271 18344 3844 47 24196 37628 18814 18814| Native Heap: 271144 272132| TOTAL PSS: 408228 TOTAL RSS: 546556 TOTAL SWAP PSS: 320|
2026-09-19T12:43:51  Native Heap 307502 307464 8 76 308452 382064 295995 81367| Dalvik Heap 26703 22776 3844 47 28628 38911 19456 19455| Native Heap: 307464 308452| TOTAL PSS: 449183 TOTAL RSS: 587876 TOTAL SWAP PSS: 320|
2026-09-19T12:44:51  Native Heap 305486 305448 8 76 306436 382064 295792 81583| Dalvik Heap 24631 20704 3844 47 26556 37912 18956 18956| Native Heap: 305448 306436| TOTAL PSS: 445210 TOTAL RSS: 583800 TOTAL SWAP PSS: 320|
