2026-09-19T11:42:05  Native Heap 3801 3736 0 0 8012 13508 6684 2094| Dalvik Heap 9192 9052 0 0 16828 6666 5000 1666| Native Heap: 3736 8012| TOTAL PSS: 70077 TOTAL RSS: 197632 TOTAL SWAP (KB): 0|
2026-09-19T11:43:05  Native Heap 245739 245684 0 0 249708 270548 252047 13980| Dalvik Heap 20688 20556 0 0 27948 40820 20410 20410| Native Heap: 245684 249708| TOTAL PSS: 378529 TOTAL RSS: 534492 TOTAL SWAP (KB): 0|
2026-09-19T11:44:05  Native Heap 27499 27432 0 0 31532 41260 35661 1768| Dalvik Heap 21355 21196 0 0 28824 22936 11468 11468| Native Heap: 27432 31532| TOTAL PSS: 127705 TOTAL RSS: 277264 TOTAL SWAP (KB): 0|
2026-09-19T11:45:06  Native Heap 31768 31712 0 0 35768 46044 39478 2151| Dalvik Heap 19418 19284 0 0 26812 29036 14518 14518| Native Heap: 31712 35768| TOTAL PSS: 131393 TOTAL RSS: 284232 TOTAL SWAP (KB): 0|
2026-09-19T11:46:06  Native Heap 73532 73476 0 0 77508 93324 76935 11574| Dalvik Heap 15702 15568 0 0 23080 29768 14884 14884| Native Heap: 73476 77508| TOTAL PSS: 185361 TOTAL RSS: 340064 TOTAL SWAP (KB): 0|
2026-09-19T11:47:06  Native Heap 63168 63112 0 0 67144 85144 67754 12380| Dalvik Heap 15910 15776 0 0 23288 30025 15013 15012| Native Heap: 63112 67144| TOTAL PSS: 175968 TOTAL RSS: 330440 TOTAL SWAP (KB): 0|
2026-09-19T11:48:06  Native Heap 153876 153820 0 0 157848 180716 157026 18844| Dalvik Heap 20854 20720 0 0 28228 36029 18015 18014| Native Heap: 153820 157848| TOTAL PSS: 286206 TOTAL RSS: 443784 TOTAL SWAP (KB): 0|
2026-09-19T11:49:06  Native Heap 159420 159364 0 0 163392 187396 164217 18372| Dalvik Heap 24074 23940 0 0 31448 37158 18579 18579| Native Heap: 159364 163392| TOTAL PSS: 296844 TOTAL RSS: 455372 TOTAL SWAP (KB): 0|
2026-09-19T11:50:06  Native Heap 153857 153800 0 0 157828 180508 155860 19869| Dalvik Heap 19224 19088 0 0 26596 35744 17872 17872| Native Heap: 153800 157828| TOTAL PSS: 285126 TOTAL RSS: 444768 TOTAL SWAP (KB): 0|
2026-09-19T11:51:07  Native Heap 152885 152828 0 0 156856 181128 156191 20273| Dalvik Heap 19796 19660 0 0 27168 35216 17608 17608| Native Heap: 152828 156856| TOTAL PSS: 284074 TOTAL RSS: 444044 TOTAL SWAP (KB): 0|
2026-09-19T11:52:07  Native Heap 157817 157760 0 0 161788 181720 156469 20433| Dalvik Heap 18164 18028 0 0 25536 35400 17700 17700| Native Heap: 157760 161788| TOTAL PSS: 287681 TOTAL RSS: 447348 TOTAL SWAP (KB): 0|
2026-09-19T11:53:07  Native Heap 158851 158748 0 0 162776 181976 156662 20615| Dalvik Heap 18689 18472 0 0 25980 35624 17812 17812| Native Heap: 158748 162776| TOTAL PSS: 290447 TOTAL RSS: 448880 TOTAL SWAP (KB): 0|
2026-09-19T11:54:07  Native Heap 159335 159232 0 0 163260 182488 157123 20588| Dalvik Heap 17997 17780 0 0 25288 35232 17616 17616| Native Heap: 159232 163260| TOTAL PSS: 290263 TOTAL RSS: 448700 TOTAL SWAP (KB): 0|
2026-09-19T11:55:07  Native Heap 158015 157912 0 0 161940 182800 157481 20612| Dalvik Heap 17777 17560 0 0 25068 35008 17504 17504| Native Heap: 157912 161940| TOTAL PSS: 288639 TOTAL RSS: 447080 TOTAL SWAP (KB): 0|
2026-09-19T11:56:08  Native Heap 172068 171964 0 0 175992 191388 167697 18819| Dalvik Heap 25511 25292 0 0 32680 39358 19679 19679| Native Heap: 171964 175992| TOTAL PSS: 311594 TOTAL RSS: 471008 TOTAL SWAP (KB): 0|
2026-09-19T11:57:08  Native Heap 160744 160640 0 0 164668 188140 165939 17381| Dalvik Heap 26635 26416 0 0 33788 42053 21027 21026| Native Heap: 160640 164668| TOTAL PSS: 303281 TOTAL RSS: 465368 TOTAL SWAP (KB): 0|
2026-09-19T11:58:08  Native Heap 164092 163988 0 0 168016 188932 164520 19661| Dalvik Heap 21659 21440 0 0 28812 40024 20012 20012| Native Heap: 163988 168016| TOTAL PSS: 301825 TOTAL RSS: 463684 TOTAL SWAP (KB): 0|
2026-09-19T11:59:08  Native Heap 168192 168088 0 0 172116 189188 162936 21450| Dalvik Heap 20943 20724 0 0 28096 39776 19888 19888| Native Heap: 168088 172116| TOTAL PSS: 305330 TOTAL RSS: 467612 TOTAL SWAP (KB): 0|
2026-09-19T12:00:08  Native Heap 163959 163856 0 0 167884 190052 165836 19537| Dalvik Heap 22761 22548 0 0 29920 41208 20604 20604| Native Heap: 163856 167884| TOTAL PSS: 302140 TOTAL RSS: 465068 TOTAL SWAP (KB): 0|
2026-09-19T12:01:09  Native Heap 178967 178864 0 0 182892 197676 174387 18383| Dalvik Heap 25525 25312 0 0 32680 38358 19179 19179| Native Heap: 178864 182892| TOTAL PSS: 319712 TOTAL RSS: 483980 TOTAL SWAP (KB): 0|
2026-09-19T12:02:09  Native Heap 172784 172680 0 0 176708 198020 176066 17239| Dalvik Heap 27103 26884 0 0 34252 40949 20475 20474| Native Heap: 172680 176708| TOTAL PSS: 316116 TOTAL RSS: 480180 TOTAL SWAP (KB): 0|
2026-09-19T12:03:09  Native Heap 167948 167844 0 0 171872 191864 167236 19758| Dalvik Heap 23503 23284 0 0 30652 40453 20227 20226| Native Heap: 167844 171872| TOTAL PSS: 307615 TOTAL RSS: 471704 TOTAL SWAP (KB): 0|
2026-09-19T12:04:09  Native Heap 168104 168000 0 0 172028 191864 166717 20388| Dalvik Heap 24207 23988 0 0 31356 40421 20211 20210| Native Heap: 168000 172028| TOTAL PSS: 308519 TOTAL RSS: 472624 TOTAL SWAP (KB): 0|
2026-09-19T12:05:10  Native Heap 173396 173292 0 0 177320 192120 167202 20066| Dalvik Heap 24131 23912 0 0 31280 40445 20223 20222| Native Heap: 173292 177320| TOTAL PSS: 314327 TOTAL RSS: 478440 TOTAL SWAP (KB): 0|
2026-09-19T12:06:10  Native Heap 173548 173444 0 0 177472 192376 166817 20656| Dalvik Heap 21827 21608 0 0 28976 40317 20159 20158| Native Heap: 173444 177472| TOTAL PSS: 312080 TOTAL RSS: 476348 TOTAL SWAP (KB): 0|
2026-09-19T12:07:10  Native Heap 175104 175000 0 0 179028 192632 169066 18749| Dalvik Heap 22247 22028 0 0 29396 40965 20483 20482| Native Heap: 175000 179028| TOTAL PSS: 313572 TOTAL RSS: 477848 TOTAL SWAP (KB): 0|
2026-09-19T12:08:10  Native Heap 172080 171976 0 0 176004 196172 172688 18674| Dalvik Heap 21887 21668 0 0 29020 40276 20138 20138| Native Heap: 171976 176004| TOTAL PSS: 310154 TOTAL RSS: 474424 TOTAL SWAP (KB): 0|
2026-09-19T12:09:10  Native Heap 166284 166180 0 0 170208 193564 169117 19702| Dalvik Heap 21887 21668 0 0 29020 40268 20134 20134| Native Heap: 166180 170208| TOTAL PSS: 304938 TOTAL RSS: 469220 TOTAL SWAP (KB): 0|
2026-09-19T12:10:11  Native Heap 170160 170056 0 0 174084 194480 170663 18918| Dalvik Heap 25083 24864 0 0 32216 40644 20322 20322| Native Heap: 170056 174084| TOTAL PSS: 311446 TOTAL RSS: 475732 TOTAL SWAP (KB): 0|
2026-09-19T12:11:11  Native Heap 167148 167044 0 0 171072 195132 170234 19900| Dalvik Heap 21055 20836 0 0 28188 40605 20303 20302| Native Heap: 167044 171072| TOTAL PSS: 304866 TOTAL RSS: 469300 TOTAL SWAP (KB): 0|
2026-09-19T12:12:11  Native Heap 168560 168456 0 0 172484 196580 173473 18035| Dalvik Heap 27255 27036 0 0 34388 43346 21673 21673| Native Heap: 168456 172484| TOTAL PSS: 312682 TOTAL RSS: 477060 TOTAL SWAP (KB): 0|
2026-09-19T12:13:11  Native Heap 168664 168560 0 0 172588 196564 171202 20277| Dalvik Heap 21695 21476 0 0 28828 41038 20519 20519| Native Heap: 168560 172588| TOTAL PSS: 307638 TOTAL RSS: 472036 TOTAL SWAP (KB): 0|
2026-09-19T12:14:12  Native Heap 170516 170412 0 0 174440 196992 169060 22807| Dalvik Heap 21179 20960 0 0 28312 42078 21039 21039| Native Heap: 170412 174440| TOTAL PSS: 308978 TOTAL RSS: 473376 TOTAL SWAP (KB): 0|
2026-09-19T12:15:12  Native Heap 31456 31352 0 140324 35380 203576 176814 21630| Dalvik Heap 17307 17088 0 10448 24440 43074 21537 21537| Native Heap: 31352 35380| TOTAL PSS: 284403 TOTAL RSS: 290816 TOTAL SWAP PSS: 158416|
2026-09-19T12:16:12  Native Heap 44804 44700 0 119376 48728 194672 166319 23611| Dalvik Heap 19827 19608 0 3564 26960 37819 18910 18909| Native Heap: 44700 48728| TOTAL PSS: 274715 TOTAL RSS: 310016 TOTAL SWAP PSS: 129316|
2026-09-19T12:17:12  Native Heap 54516 54412 0 107320 58440 194376 161563 28084| Dalvik Heap 17591 17372 0 3436 24724 37580 18790 18790| Native Heap: 54412 58440| TOTAL PSS: 270883 TOTAL RSS: 318540 TOTAL SWAP PSS: 116956|
2026-09-19T12:18:13  Native Heap 54572 54468 0 107276 58496 194376 161421 28261| Dalvik Heap 15451 15232 0 3436 22584 37396 18698 18698| Native Heap: 54468 58496| TOTAL PSS: 268150 TOTAL RSS: 315860 TOTAL SWAP PSS: 116904|
2026-09-19T12:19:13  Native Heap 54248 54144 0 107200 58172 194376 161876 27805| Dalvik Heap 16183 15964 0 3436 23316 37468 18734 18734| Native Heap: 54144 58172| TOTAL PSS: 269422 TOTAL RSS: 317400 TOTAL SWAP PSS: 116680|
2026-09-19T12:20:13  Native Heap 72460 72356 0 90104 76384 194632 162164 27608| Dalvik Heap 15991 15772 0 3436 23124 37612 18806 18806| Native Heap: 72356 76384| TOTAL PSS: 270494 TOTAL RSS: 335624 TOTAL SWAP PSS: 99532|
2026-09-19T12:21:13  Native Heap 71968 71864 0 90064 75892 194632 162329 27580| Dalvik Heap 15511 15292 0 3436 22644 37404 18702 18702| Native Heap: 71864 75892| TOTAL PSS: 268890 TOTAL RSS: 334076 TOTAL SWAP PSS: 99480|
2026-09-19T12:22:13  Native Heap 78640 78536 0 89968 82564 201864 172139 24937| Dalvik Heap 18479 18260 0 3424 25612 39147 19574 19573| Native Heap: 78536 82564| TOTAL PSS: 278327 TOTAL RSS: 344176 TOTAL SWAP PSS: 99352|
2026-09-19T12:23:14  Native Heap 83188 83084 0 89548 87112 202980 176558 21494| Dalvik Heap 22719 22500 0 3284 29852 39739 19870 19869| Native Heap: 83084 87112| TOTAL PSS: 287257 TOTAL RSS: 353972 TOTAL SWAP PSS: 98576|
2026-09-19T12:24:14  Native Heap 79747 79644 0 40000 83672 168352 120808 43051| Dalvik Heap 22180 21968 0 3248 29312 38959 19480 19479| Native Heap: 79644 83672| TOTAL PSS: 253314 TOTAL RSS: 373708 TOTAL SWAP PSS: 48872|
2026-09-19T12:25:14  Native Heap 66188 66084 0 39252 70112 152296 104944 43433| Dalvik Heap 19926 19708 0 3248 27052 40130 20065 20065| Native Heap: 66084 70112| TOTAL PSS: 240573 TOTAL RSS: 361852 TOTAL SWAP PSS: 47864|
2026-09-19T12:26:14  Native Heap 294361 294320 0 38206 296136 374592 335831 33033| Dalvik Heap 18735 18564 0 3282 24292 41613 20807 20806| Native Heap: 294320 296136| TOTAL PSS: 467527 TOTAL RSS: 580044 TOTAL SWAP PSS: 46865|
2026-09-19T12:27:15  Native Heap 325177 325136 0 38046 326952 427956 346526 76167| Dalvik Heap 23327 23156 0 3282 28884 42989 21495 21494| Native Heap: 325136 326952| TOTAL PSS: 502588 TOTAL RSS: 615480 TOTAL SWAP PSS: 46689|
2026-09-19T12:28:15  Native Heap 285889 285848 0 38010 287664 430560 316079 109301| Dalvik Heap 27207 27036 0 3282 32764 46305 23153 23152| Native Heap: 285848 287664| TOTAL PSS: 468122 TOTAL RSS: 579200 TOTAL SWAP PSS: 46647|
2026-09-19T12:29:17  Native Heap 286305 286264 0 37938 288080 431496 316529 109699| Dalvik Heap 21027 20856 0 3282 26584 45473 22737 22736| Native Heap: 286264 288080| TOTAL PSS: 462719 TOTAL RSS: 574200 TOTAL SWAP PSS: 46563|
2026-09-19T12:30:17  Native Heap 295189 295148 0 37038 296964 437972 323952 108584| Dalvik Heap 25479 25308 0 3282 31036 44899 22450 22449| Native Heap: 295148 296964| TOTAL PSS: 474323 TOTAL RSS: 586504 TOTAL SWAP PSS: 45599|
2026-09-19T12:31:18  Native Heap 291769 291728 0 37038 293544 437972 320576 111960| Dalvik Heap 19575 19404 0 3282 25132 43082 21541 21541| Native Heap: 291728 293544| TOTAL PSS: 465627 TOTAL RSS: 577812 TOTAL SWAP PSS: 45599|
2026-09-19T12:32:18  Native Heap 250960 250940 0 76 252020 272704 261020 6687| Dalvik Heap 21372 21200 0 47 26964 38054 19027 19027| Native Heap: 250940 252020| TOTAL PSS: 383148 TOTAL RSS: 524372 TOTAL SWAP PSS: 293|
2026-09-19T12:33:18  Native Heap 251496 251476 0 76 252556 272840 260187 7686| Dalvik Heap 20056 19876 8 47 25648 38102 19051 19051| Native Heap: 251476 252556| TOTAL PSS: 381508 TOTAL RSS: 522984 TOTAL SWAP PSS: 293|
2026-09-19T12:34:18  Native Heap 247948 247928 0 76 249008 272032 253277 13807| Dalvik Heap 19616 19436 8 47 25208 37862 18931 18931| Native Heap: 247928 249008| TOTAL PSS: 377372 TOTAL RSS: 518868 TOTAL SWAP PSS: 293|
2026-09-19T12:35:18  Native Heap 108980 108960 0 76 110040 147300 114325 27882| Dalvik Heap 26940 26760 8 47 32528 38876 19438 19438| Native Heap: 108960 110040| TOTAL PSS: 265685 TOTAL RSS: 411720 TOTAL SWAP PSS: 293|
2026-09-19T12:36:19  Native Heap 99304 99284 0 76 100364 136532 103105 28328| Dalvik Heap 26004 25824 8 47 31584 38800 19400 19400| Native Heap: 99284 100364| TOTAL PSS: 254441 TOTAL RSS: 400828 TOTAL SWAP PSS: 293|
2026-09-19T12:37:19  Native Heap 371984 371964 0 76 373044 429004 377949 42407| Dalvik Heap 20104 19924 8 47 25680 38830 19415 19415| Native Heap: 371964 373044| TOTAL PSS: 524395 TOTAL RSS: 672328 TOTAL SWAP PSS: 293|
2026-09-19T12:38:20  Native Heap 317640 317620 0 76 318700 380580 322512 52774| Dalvik Heap 21564 21384 8 47 27140 37606 18803 18803| Native Heap: 317620 318700| TOTAL PSS: 472183 TOTAL RSS: 619900 TOTAL SWAP PSS: 293|
2026-09-19T12:39:20  Native Heap 334956 334936 0 76 336016 403048 294156 104130| Dalvik Heap 24256 24076 8 47 29832 38310 19155 19155| Native Heap: 334936 336016| TOTAL PSS: 492490 TOTAL RSS: 640324 TOTAL SWAP PSS: 293|
2026-09-19T12:40:20  Native Heap 302828 302808 0 76 303888 403048 293614 104688| Dalvik Heap 19864 19684 8 47 25440 36630 18315 18315| Native Heap: 302808 303888| TOTAL PSS: 455990 TOTAL RSS: 603852 TOTAL SWAP PSS: 293|
2026-09-19T12:41:21  Native Heap 303856 303836 0 76 304916 403360 295125 103457| Dalvik Heap 20396 20216 8 47 25972 37926 18963 18963| Native Heap: 303836 304916| TOTAL PSS: 457641 TOTAL RSS: 605560 TOTAL SWAP PSS: 293|
2026-09-19T12:42:21  Native Heap 304864 304844 0 76 305924 403756 298440 100350| Dalvik Heap 26692 26516 4 47 32264 40674 20337 20337| Native Heap: 304844 305924| TOTAL PSS: 465635 TOTAL RSS: 614068 TOTAL SWAP PSS: 293|
2026-09-19T12:43:21  Native Heap 312884 312864 0 76 313944 406228 305484 95885| Dalvik Heap 30364 30188 4 47 35932 45090 22545 22545| Native Heap: 312864 313944| TOTAL PSS: 478040 TOTAL RSS: 629640 TOTAL SWAP PSS: 293|
2026-09-19T12:44:21  Native Heap 296108 296088 0 76 297168 391012 289447 96548| Dalvik Heap 33516 33340 4 47 39084 46236 23118 23118| Native Heap: 296088 297168| TOTAL PSS: 465392 TOTAL RSS: 617380 TOTAL SWAP PSS: 293|
2026-09-19T12:45:22  Native Heap 294840 294820 0 73 295900 390712 284863 100869| Dalvik Heap 24658 24488 4 45 30232 42429 21215 21214| Native Heap: 294820 295900| TOTAL PSS: 451560 TOTAL RSS: 607156 TOTAL SWAP PSS: 282|
2026-09-19T12:46:22  Native Heap 292064 292044 0 73 293124 391940 284481 102460| Dalvik Heap 27798 27628 4 45 33372 43931 21966 21965| Native Heap: 292044 293124| TOTAL PSS: 451608 TOTAL RSS: 607412 TOTAL SWAP PSS: 282|
2026-09-19T12:47:22  Native Heap 297216 297196 0 73 298276 392352 282844 104469| Dalvik Heap 22994 22824 4 45 28568 41750 20875 20875| Native Heap: 297196 298276| TOTAL PSS: 452579 TOTAL RSS: 608256 TOTAL SWAP PSS: 282|
