2026-09-19T11:42:40  Native Heap 51569 51516 0 3 55188 66404 44573 17233| Dalvik Heap 8121 7988 0 0 15444 11713 8785 2928| Native Heap: 51516 55188| TOTAL PSS: 147441 TOTAL RSS: 279904 TOTAL SWAP PSS: 6|
2026-09-19T11:43:40  Native Heap 123290 123220 16 3 126888 143060 131161 7733| Dalvik Heap 21854 21720 0 0 29232 36703 18352 18351| Native Heap: 123220 126888| TOTAL PSS: 255226 TOTAL RSS: 406220 TOTAL SWAP PSS: 6|
2026-09-19T11:44:41  Native Heap 29104 29044 0 3 32724 42796 36850 2048| Dalvik Heap 13410 13276 0 0 20804 27489 13745 13744| Native Heap: 29044 32724| TOTAL PSS: 122706 TOTAL RSS: 273740 TOTAL SWAP PSS: 6|
2026-09-19T11:45:41  Native Heap 32488 32428 0 3 36108 46716 40170 1963| Dalvik Heap 19143 19008 0 0 26516 29138 14569 14569| Native Heap: 32428 36108| TOTAL PSS: 132521 TOTAL RSS: 284264 TOTAL SWAP PSS: 6|
2026-09-19T11:46:41  Native Heap 334245 334188 0 3 337856 364664 346816 8871| Dalvik Heap 18282 18148 0 0 25632 36129 18065 18064| Native Heap: 334188 337856| TOTAL PSS: 464086 TOTAL RSS: 619876 TOTAL SWAP PSS: 6|
2026-09-19T11:47:41  Native Heap 435913 435856 0 3 439528 490588 430014 50793| Dalvik Heap 18418 18284 0 0 25768 36128 18064 18064| Native Heap: 435856 439528| TOTAL PSS: 565703 TOTAL RSS: 722004 TOTAL SWAP PSS: 6|
2026-09-19T11:48:42  Native Heap 325625 325568 0 3 329240 419524 280643 133638| Dalvik Heap 31602 31468 0 0 38952 36704 18352 18352| Native Heap: 325568 329240| TOTAL PSS: 471303 TOTAL RSS: 628392 TOTAL SWAP PSS: 6|
2026-09-19T11:49:42  Native Heap 286657 286600 0 3 290272 411720 273291 133250| Dalvik Heap 19434 19300 0 0 26784 36312 18156 18156| Native Heap: 286600 290272| TOTAL PSS: 486334 TOTAL RSS: 643412 TOTAL SWAP PSS: 6|
2026-09-19T11:50:42  Native Heap 291749 291692 0 3 295364 411868 273682 132999| Dalvik Heap 19902 19768 0 0 27252 35664 17832 17832| Native Heap: 291692 295364| TOTAL PSS: 426642 TOTAL RSS: 583732 TOTAL SWAP PSS: 6|
2026-09-19T11:51:42  Native Heap 290853 290796 0 3 294468 412164 273886 133075| Dalvik Heap 21826 21692 0 0 29176 36074 18037 18037| Native Heap: 290796 294468| TOTAL PSS: 427662 TOTAL RSS: 584816 TOTAL SWAP PSS: 6|
2026-09-19T11:52:43  Native Heap 288970 288876 0 7 292548 412164 274732 132332| Dalvik Heap 20777 20560 0 0 28044 36018 18009 18009| Native Heap: 288876 292548| TOTAL PSS: 425701 TOTAL RSS: 581820 TOTAL SWAP PSS: 24|
2026-09-19T11:53:43  Native Heap 294150 294056 0 7 297728 412420 275468 131782| Dalvik Heap 20501 20284 0 0 27768 35906 17953 17953| Native Heap: 294056 297728| TOTAL PSS: 430753 TOTAL RSS: 586776 TOTAL SWAP PSS: 24|
2026-09-19T11:54:43  Native Heap 295018 294924 0 7 298596 412676 275798 131606| Dalvik Heap 20177 19960 0 0 27444 35778 17889 17889| Native Heap: 294924 298596| TOTAL PSS: 431233 TOTAL RSS: 587396 TOTAL SWAP PSS: 24|
2026-09-19T11:55:43  Native Heap 296550 296456 0 7 300128 412676 276108 131467| Dalvik Heap 19953 19736 0 0 27220 35722 17861 17861| Native Heap: 296456 300128| TOTAL PSS: 432329 TOTAL RSS: 588740 TOTAL SWAP PSS: 24|
2026-09-19T11:56:43  Native Heap 297874 297780 0 7 301452 412676 275078 132496| Dalvik Heap 19557 19340 0 0 26824 35770 17885 17885| Native Heap: 297780 301452| TOTAL PSS: 433969 TOTAL RSS: 590148 TOTAL SWAP PSS: 24|
2026-09-19T11:57:44  Native Heap 295666 295572 0 7 299244 412676 275130 132444| Dalvik Heap 22277 22060 0 0 29544 35963 17982 17981| Native Heap: 295572 299244| TOTAL PSS: 434293 TOTAL RSS: 590524 TOTAL SWAP PSS: 24|
2026-09-19T11:58:44  Native Heap 313642 313548 0 7 317220 422728 293201 124512| Dalvik Heap 32441 32228 0 0 39600 42012 21006 21006| Native Heap: 313548 317220| TOTAL PSS: 464251 TOTAL RSS: 621996 TOTAL SWAP PSS: 24|
2026-09-19T11:59:44  Native Heap 311034 310940 0 7 314612 424612 296505 123043| Dalvik Heap 31909 31696 0 0 39068 38180 19090 19090| Native Heap: 310940 314612| TOTAL PSS: 461568 TOTAL RSS: 619996 TOTAL SWAP PSS: 24|
2026-09-19T12:00:44 
2026-09-19T12:01:44  Native Heap 239692 239596 0 6 243260 262720 240788 17060| Dalvik Heap 21280 21056 0 0 28552 37658 18829 18829| Native Heap: 239596 243260| TOTAL PSS: 372895 TOTAL RSS: 524208 TOTAL SWAP PSS: 23|
2026-09-19T12:02:45  Native Heap 241565 241468 0 6 245136 264248 242787 16553| Dalvik Heap 21876 21652 0 0 29148 37857 18929 18928| Native Heap: 241468 245136| TOTAL PSS: 375908 TOTAL RSS: 527588 TOTAL SWAP PSS: 23|
2026-09-19T12:03:45  Native Heap 258681 258584 0 6 262252 274452 255239 14055| Dalvik Heap 25227 25008 0 0 32380 42463 21232 21231| Native Heap: 258584 262252| TOTAL PSS: 397780 TOTAL RSS: 550768 TOTAL SWAP PSS: 23|
2026-09-19T12:04:45  Native Heap 256481 256384 0 6 260052 274708 254149 15337| Dalvik Heap 23067 22848 0 0 30220 42223 21112 21111| Native Heap: 256384 260052| TOTAL PSS: 393978 TOTAL RSS: 547116 TOTAL SWAP PSS: 23|
2026-09-19T12:05:45  Native Heap 253769 253672 0 6 257340 274964 254601 15210| Dalvik Heap 22995 22776 0 0 30148 42247 21124 21123| Native Heap: 253672 257340| TOTAL PSS: 391406 TOTAL RSS: 544576 TOTAL SWAP PSS: 23|
2026-09-19T12:06:46  Native Heap 255997 255900 0 6 259568 275632 255192 15399| Dalvik Heap 23331 23112 0 0 30484 42327 21164 21163| Native Heap: 255900 259568| TOTAL PSS: 394213 TOTAL RSS: 547468 TOTAL SWAP PSS: 23|
2026-09-19T12:07:46  Native Heap 250413 250316 0 6 253984 275632 254801 15790| Dalvik Heap 21415 21196 0 0 28568 41418 20709 20709| Native Heap: 250316 253984| TOTAL PSS: 386794 TOTAL RSS: 540396 TOTAL SWAP PSS: 23|
2026-09-19T12:08:46  Native Heap 255417 255320 0 6 258988 279592 259135 15277| Dalvik Heap 20931 20712 0 0 28084 41386 20693 20693| Native Heap: 255320 258988| TOTAL PSS: 391287 TOTAL RSS: 544944 TOTAL SWAP PSS: 23|
2026-09-19T12:09:46  Native Heap 251305 251208 0 6 254876 276332 255418 15898| Dalvik Heap 20939 20720 0 0 28092 41394 20697 20697| Native Heap: 251208 254876| TOTAL PSS: 387187 TOTAL RSS: 540848 TOTAL SWAP PSS: 23|
2026-09-19T12:10:46  Native Heap 251409 251312 0 6 254980 277000 255787 15967| Dalvik Heap 20983 20764 0 0 28136 41410 20705 20705| Native Heap: 251312 254980| TOTAL PSS: 387091 TOTAL RSS: 541004 TOTAL SWAP PSS: 23|
2026-09-19T12:11:47  Native Heap 250049 249952 0 6 253620 277000 254452 17336| Dalvik Heap 22323 22104 0 0 29476 41538 20769 20769| Native Heap: 249952 253620| TOTAL PSS: 386947 TOTAL RSS: 540868 TOTAL SWAP PSS: 23|
2026-09-19T12:12:47  Native Heap 251005 250908 0 6 254576 277000 255078 16837| Dalvik Heap 23567 23348 0 0 30720 42219 21110 21109| Native Heap: 250908 254576| TOTAL PSS: 389235 TOTAL RSS: 543280 TOTAL SWAP PSS: 23|
2026-09-19T12:13:47  Native Heap 250257 250160 0 6 253828 276624 254200 17358| Dalvik Heap 21223 21004 0 0 28376 41947 20974 20973| Native Heap: 250160 253828| TOTAL PSS: 386272 TOTAL RSS: 540184 TOTAL SWAP PSS: 23|
2026-09-19T12:14:47  Native Heap 256501 256404 0 6 260072 276624 254462 17096| Dalvik Heap 21079 20860 0 0 28232 41947 20974 20973| Native Heap: 256404 260072| TOTAL PSS: 392371 TOTAL RSS: 546284 TOTAL SWAP PSS: 23|
2026-09-19T12:15:48  Native Heap 258337 258240 0 6 261908 276624 254674 16883| Dalvik Heap 21203 20984 0 0 28356 41995 20998 20997| Native Heap: 258240 261908| TOTAL PSS: 394330 TOTAL RSS: 548244 TOTAL SWAP PSS: 23|
2026-09-19T12:16:48  Native Heap 250851 250756 0 6 254424 277312 255706 16373| Dalvik Heap 27493 27280 0 0 34652 44951 22476 22475| Native Heap: 250756 254424| TOTAL PSS: 394649 TOTAL RSS: 549920 TOTAL SWAP PSS: 23|
2026-09-19T12:17:48  Native Heap 250287 250192 0 6 253860 277312 255368 17064| Dalvik Heap 23229 23016 0 0 30388 44326 22163 22163| Native Heap: 250192 253860| TOTAL PSS: 389580 TOTAL RSS: 544880 TOTAL SWAP PSS: 23|
2026-09-19T12:18:48  Native Heap 250343 250248 0 6 253916 277568 255514 17020| Dalvik Heap 22734 22520 0 0 29892 44318 22159 22159| Native Heap: 250248 253916| TOTAL PSS: 389437 TOTAL RSS: 544736 TOTAL SWAP PSS: 23|
2026-09-19T12:19:48  Native Heap 250359 250264 0 6 253932 277568 255583 16950| Dalvik Heap 22654 22440 0 0 29812 44286 22143 22143| Native Heap: 250264 253932| TOTAL PSS: 389312 TOTAL RSS: 544752 TOTAL SWAP PSS: 23|
2026-09-19T12:20:49  Native Heap 250383 250288 0 6 253956 277568 255597 16936| Dalvik Heap 22658 22444 0 0 29816 44294 22147 22147| Native Heap: 250288 253956| TOTAL PSS: 389340 TOTAL RSS: 544780 TOTAL SWAP PSS: 23|
2026-09-19T12:21:49  Native Heap 95591 95496 0 6 99164 129560 90579 34116| Dalvik Heap 27430 27216 0 0 34588 44767 22384 22383| Native Heap: 95496 99164| TOTAL PSS: 239836 TOTAL RSS: 395336 TOTAL SWAP PSS: 23|
2026-09-19T12:22:49  Native Heap 87215 87120 0 6 90788 128672 89046 34780| Dalvik Heap 22250 22036 0 0 29408 44013 22007 22006| Native Heap: 87120 90788| TOTAL PSS: 224255 TOTAL RSS: 379760 TOTAL SWAP PSS: 23|
2026-09-19T12:23:49  Native Heap 87099 87004 0 6 90672 128672 89041 34785| Dalvik Heap 21870 21656 0 0 29028 43997 21999 21998| Native Heap: 87004 90672| TOTAL PSS: 223763 TOTAL RSS: 379268 TOTAL SWAP PSS: 23|
2026-09-19T12:24:49  Native Heap 87101 87004 0 6 90672 128672 89041 34784| Dalvik Heap 21867 21648 0 0 29020 43997 21999 21998| Native Heap: 87004 90672| TOTAL PSS: 223845 TOTAL RSS: 379260 TOTAL SWAP PSS: 23|
2026-09-19T12:25:50  Native Heap 87101 87004 0 6 90672 128672 89041 34784| Dalvik Heap 21887 21668 0 0 29040 44005 22003 22002| Native Heap: 87004 90672| TOTAL PSS: 223865 TOTAL RSS: 379280 TOTAL SWAP PSS: 23|
2026-09-19T12:26:50  Native Heap 87097 87000 0 6 90668 128672 89041 34784| Dalvik Heap 21907 21688 0 0 29060 44005 22003 22002| Native Heap: 87000 90668| TOTAL PSS: 223893 TOTAL RSS: 379312 TOTAL SWAP PSS: 23|
2026-09-19T12:27:50  Native Heap 87097 87000 0 6 90668 128672 89041 34784| Dalvik Heap 21835 21616 0 0 28988 43997 21999 21998| Native Heap: 87000 90668| TOTAL PSS: 223817 TOTAL RSS: 379236 TOTAL SWAP PSS: 23|
2026-09-19T12:28:50  Native Heap 87097 87000 0 6 90668 128672 89032 34793| Dalvik Heap 21779 21560 0 0 28932 43997 21999 21998| Native Heap: 87000 90668| TOTAL PSS: 223737 TOTAL RSS: 379156 TOTAL SWAP PSS: 23|
2026-09-19T12:29:51  Native Heap 87097 87000 0 6 90668 128672 89032 34793| Dalvik Heap 21783 21564 0 0 28936 43997 21999 21998| Native Heap: 87000 90668| TOTAL PSS: 223741 TOTAL RSS: 379160 TOTAL SWAP PSS: 23|
2026-09-19T12:30:51  Native Heap 87093 86996 0 6 90664 128672 89032 34793| Dalvik Heap 21783 21564 0 0 28936 44061 22031 22030| Native Heap: 86996 90664| TOTAL PSS: 223744 TOTAL RSS: 379168 TOTAL SWAP PSS: 23|
2026-09-19T12:31:51  Native Heap 87093 86996 0 6 90664 128672 89032 34793| Dalvik Heap 21867 21648 0 0 29020 44029 22015 22014| Native Heap: 86996 90664| TOTAL PSS: 223691 TOTAL RSS: 379260 TOTAL SWAP PSS: 23|
2026-09-19T12:32:51  Native Heap 87093 86996 0 6 90664 128672 89040 34785| Dalvik Heap 21859 21640 0 0 29012 44069 22035 22034| Native Heap: 86996 90664| TOTAL PSS: 223699 TOTAL RSS: 379268 TOTAL SWAP PSS: 23|
2026-09-19T12:33:52  Native Heap 87097 87000 0 6 90668 128672 89032 34793| Dalvik Heap 21787 21568 0 0 28940 43997 21999 21998| Native Heap: 87000 90668| TOTAL PSS: 223615 TOTAL RSS: 379184 TOTAL SWAP PSS: 23|
2026-09-19T12:34:52  Native Heap 87097 87000 0 6 90668 128672 89032 34793| Dalvik Heap 21795 21576 0 0 28948 43997 21999 21998| Native Heap: 87000 90668| TOTAL PSS: 223623 TOTAL RSS: 379192 TOTAL SWAP PSS: 23|
2026-09-19T12:35:52  Native Heap 87097 87000 0 6 90668 128672 89032 34793| Dalvik Heap 21807 21588 0 0 28960 43997 21999 21998| Native Heap: 87000 90668| TOTAL PSS: 223635 TOTAL RSS: 379204 TOTAL SWAP PSS: 23|
2026-09-19T12:36:52  Native Heap 87097 87000 0 6 90668 128672 89032 34793| Dalvik Heap 21803 21584 0 0 28956 43997 21999 21998| Native Heap: 87000 90668| TOTAL PSS: 223631 TOTAL RSS: 379200 TOTAL SWAP PSS: 23|
2026-09-19T12:37:53  Native Heap 87037 86940 0 6 90608 128672 88955 34870| Dalvik Heap 21839 21620 0 0 28992 43989 21995 21994| Native Heap: 86940 90608| TOTAL PSS: 223387 TOTAL RSS: 378956 TOTAL SWAP PSS: 23|
2026-09-19T12:38:53  Native Heap 87029 86932 0 6 90600 128672 88947 34878| Dalvik Heap 21775 21556 0 0 28928 43989 21995 21994| Native Heap: 86932 90600| TOTAL PSS: 223440 TOTAL RSS: 378872 TOTAL SWAP PSS: 23|
2026-09-19T12:39:53  Native Heap 87029 86932 0 6 90600 128672 88947 34878| Dalvik Heap 21783 21564 0 0 28936 43989 21995 21994| Native Heap: 86932 90600| TOTAL PSS: 223452 TOTAL RSS: 378888 TOTAL SWAP PSS: 23|
2026-09-19T12:40:54  Native Heap 263917 263820 0 6 267488 287236 263379 19295| Dalvik Heap 21975 21756 0 0 29128 44197 22099 22098| Native Heap: 263820 267488| TOTAL PSS: 401840 TOTAL RSS: 557316 TOTAL SWAP PSS: 23|
2026-09-19T12:41:54 
2026-09-19T12:42:54  Native Heap 234725 234628 0 6 238304 259548 238747 15897| Dalvik Heap 22788 22564 0 0 30076 36758 18379 18379| Native Heap: 234628 238304| TOTAL PSS: 370484 TOTAL RSS: 521036 TOTAL SWAP PSS: 23|
2026-09-19T12:43:54  Native Heap 245674 245576 0 6 249256 269860 252019 12900| Dalvik Heap 28156 27936 0 0 35324 42768 21384 21384| Native Heap: 245576 249256| TOTAL PSS: 388132 TOTAL RSS: 540652 TOTAL SWAP PSS: 23|
2026-09-19T12:44:54  Native Heap 246510 246408 4 6 250092 270628 252367 13429| Dalvik Heap 24483 24264 0 0 31636 42608 21304 21304| Native Heap: 246408 250092| TOTAL PSS: 385976 TOTAL RSS: 538668 TOTAL SWAP PSS: 23|
2026-09-19T12:45:55  Native Heap 246434 246332 4 6 250016 270944 252555 13207| Dalvik Heap 26507 26288 0 0 33660 42818 21409 21409| Native Heap: 246332 250016| TOTAL PSS: 387876 TOTAL RSS: 540880 TOTAL SWAP PSS: 23|
2026-09-19T12:46:55  Native Heap 247046 246944 4 6 250628 271712 252990 13438| Dalvik Heap 23891 23672 0 0 31044 42642 21321 21321| Native Heap: 246944 250628| TOTAL PSS: 385916 TOTAL RSS: 538980 TOTAL SWAP PSS: 23|
2026-09-19T12:47:55  Native Heap 248390 248288 4 6 251972 272868 255337 12562| Dalvik Heap 25227 25008 0 0 32380 38626 19345 19281| Native Heap: 248288 251972| TOTAL PSS: 390335 TOTAL RSS: 544632 TOTAL SWAP PSS: 23|
2026-09-19T12:48:56  Native Heap 259338 259236 4 6 262920 284980 268445 11688| Dalvik Heap 33263 33044 0 0 40412 39538 19769 19769| Native Heap: 259236 262920| TOTAL PSS: 410043 TOTAL RSS: 565836 TOTAL SWAP PSS: 23|
2026-09-19T12:49:56  Native Heap 253530 253428 4 6 257112 279892 259540 15280| Dalvik Heap 24879 24660 0 0 32016 39917 19959 19958| Native Heap: 253428 257112| TOTAL PSS: 396493 TOTAL RSS: 552280 TOTAL SWAP PSS: 23|
2026-09-19T12:50:57  Native Heap 256922 256820 4 6 260504 282668 262352 15167| Dalvik Heap 25071 24852 0 0 32208 46186 23093 23093| Native Heap: 256820 260504| TOTAL PSS: 400791 TOTAL RSS: 557908 TOTAL SWAP PSS: 23|
2026-09-19T12:51:57  Native Heap 263518 263416 4 6 267100 289724 271242 13424| Dalvik Heap 30167 29948 0 0 37304 49977 25401 24576| Native Heap: 263416 267100| TOTAL PSS: 412551 TOTAL RSS: 569576 TOTAL SWAP PSS: 23|
2026-09-19T12:52:58  Native Heap 281698 281596 4 6 285280 298440 281141 12357| Dalvik Heap 30727 30508 0 0 37864 51867 27291 24576| Native Heap: 281596 285280| TOTAL PSS: 432625 TOTAL RSS: 589612 TOTAL SWAP PSS: 23|
2026-09-19T12:54:05  Native Heap 274714 274612 4 6 278296 300680 283254 12159| Dalvik Heap 35491 35272 0 0 42628 51187 26611 24576| Native Heap: 274612 278296| TOTAL PSS: 495862 TOTAL RSS: 653336 TOTAL SWAP PSS: 23|
2026-09-19T12:55:07  Native Heap 44274 44252 0 236826 45328 302324 284583 12740| Dalvik Heap 28986 28828 0 14854 34596 49085 24543 24542| Native Heap: 44252 45328| TOTAL PSS: 415229 TOTAL RSS: 304672 TOTAL SWAP PSS: 259273|
2026-09-19T12:56:07  Native Heap 216438 216416 0 58146 217484 307328 283110 19538| Dalvik Heap 23658 23500 0 3394 29260 48857 24429 24428| Native Heap: 216416 217484| TOTAL PSS: 397440 TOTAL RSS: 479400 TOTAL SWAP PSS: 67640|
2026-09-19T12:57:08  Native Heap 218082 218060 0 57802 219128 307828 285450 17305| Dalvik Heap 23894 23736 0 3370 29496 50065 25521 24544| Native Heap: 218060 219128| TOTAL PSS: 450220 TOTAL RSS: 532968 TOTAL SWAP PSS: 66904|
2026-09-19T12:58:08  Native Heap 6082 6060 0 261502 7128 298460 270529 22758| Dalvik Heap 394 236 0 25022 5992 46954 23477 23477| Native Heap: 6060 7128| TOTAL PSS: 365163 TOTAL RSS: 209004 TOTAL SWAP PSS: 308493|
2026-09-19T12:59:09  Native Heap 49354 49332 0 231158 50400 311876 289888 16641| Dalvik Heap 35810 35652 0 3454 41408 50358 25782 24576| Native Heap: 49332 50400| TOTAL PSS: 413359 TOTAL RSS: 324060 TOTAL SWAP PSS: 241861|
2026-09-19T13:00:10  Native Heap 47326 47304 0 229274 48372 311312 281953 24028| Dalvik Heap 29434 29276 0 3290 35032 53268 28724 24544| Native Heap: 47304 48372| TOTAL PSS: 404154 TOTAL RSS: 317820 TOTAL SWAP PSS: 239275|
