2026-09-19T11:43:50  Native Heap 51220 51212 0 49 52232 66916 44359 17354| Dalvik Heap 8152 8124 0 99 9728 11848 8886 2962| Native Heap: 51212 52232| TOTAL PSS: 147471 TOTAL RSS: 260180 TOTAL SWAP PSS: 303|
2026-09-19T11:44:50  Native Heap 44911 44880 24 35017 45900 98296 78042 15858| Dalvik Heap 23408 23328 36 365 24996 35846 17923 17923| Native Heap: 44880 45900| TOTAL PSS: 186743 TOTAL RSS: 279784 TOTAL SWAP PSS: 41000|
2026-09-19T11:45:51  Native Heap 117543 117504 32 34044 118532 178736 157974 15870| Dalvik Heap 23312 19136 4120 207 24912 36391 18196 18195| Native Heap: 117504 118532| TOTAL PSS: 265707 TOTAL RSS: 362476 TOTAL SWAP PSS: 39464|
2026-09-19T11:46:51  Native Heap 117079 117040 32 33852 118068 180012 160090 15178| Dalvik Heap 28854 24688 4112 207 30352 37951 18976 18975| Native Heap: 117040 118068| TOTAL PSS: 272702 TOTAL RSS: 371088 TOTAL SWAP PSS: 39212|
2026-09-19T11:47:51  Native Heap 112859 112820 32 33844 113848 177140 156683 15066| Dalvik Heap 30562 26396 4112 207 32060 38183 19092 19091| Native Heap: 112820 113848| TOTAL PSS: 271661 TOTAL RSS: 370392 TOTAL SWAP PSS: 39196|
2026-09-19T11:48:51  Native Heap 105035 104996 32 33788 106024 170132 145737 19136| Dalvik Heap 24046 19880 4112 207 25544 36959 18480 18479| Native Heap: 104996 106024| TOTAL PSS: 257640 TOTAL RSS: 356596 TOTAL SWAP PSS: 39136|
2026-09-19T11:49:51  Native Heap 105025 104988 28 33768 106016 170272 146345 19004| Dalvik Heap 28136 23972 4108 207 29636 39348 19674 19674| Native Heap: 104988 106016| TOTAL PSS: 261347 TOTAL RSS: 362124 TOTAL SWAP PSS: 39028|
2026-09-19T11:50:52  Native Heap 106721 106684 28 33760 107712 170784 146807 18830| Dalvik Heap 24632 20468 4108 191 26132 39436 19718 19718| Native Heap: 106684 107712| TOTAL PSS: 259774 TOTAL RSS: 360760 TOTAL SWAP PSS: 38988|
2026-09-19T11:51:52  Native Heap 149617 149580 28 3420 150608 190244 158420 26525| Dalvik Heap 32378 28228 4084 191 33884 40965 20483 20482| Native Heap: 149580 150608| TOTAL PSS: 284280 TOTAL RSS: 415564 TOTAL SWAP PSS: 8520|
2026-09-19T11:52:52  Native Heap 144845 144808 28 3420 145836 190244 157414 27593| Dalvik Heap 26686 22536 4084 191 28192 37827 18914 18913| Native Heap: 144808 145836| TOTAL PSS: 274428 TOTAL RSS: 405800 TOTAL SWAP PSS: 8516|
2026-09-19T11:53:52  Native Heap 139085 139048 28 3420 140076 183840 150314 28207| Dalvik Heap 27934 23784 4084 191 29440 39983 19992 19991| Native Heap: 139048 140076| TOTAL PSS: 269272 TOTAL RSS: 401252 TOTAL SWAP PSS: 8516|
2026-09-19T11:54:52  Native Heap 139805 139760 28 3451 140788 184720 150434 28905| Dalvik Heap 24783 20616 4084 209 26272 39663 19832 19831| Native Heap: 139760 140788| TOTAL PSS: 268554 TOTAL RSS: 399508 TOTAL SWAP PSS: 8653|
2026-09-19T11:55:53  Native Heap 139261 139216 28 3451 140244 184720 149769 29570| Dalvik Heap 23831 19664 4084 209 25320 39246 19623 19623| Native Heap: 139216 140244| TOTAL PSS: 267049 TOTAL RSS: 398012 TOTAL SWAP PSS: 8653|
2026-09-19T11:56:53  Native Heap 140649 140604 28 3451 141632 185024 151341 28306| Dalvik Heap 24611 20444 4084 209 26100 39783 19892 19891| Native Heap: 140604 141632| TOTAL PSS: 269025 TOTAL RSS: 400256 TOTAL SWAP PSS: 8649|
2026-09-19T11:57:53  Native Heap 142101 142056 28 3451 143084 186424 152792 28245| Dalvik Heap 27187 23020 4084 209 28676 39863 19932 19931| Native Heap: 142056 143084| TOTAL PSS: 274378 TOTAL RSS: 405456 TOTAL SWAP PSS: 8637|
2026-09-19T11:58:54  Native Heap 141641 141596 28 3451 142624 186680 151774 29479| Dalvik Heap 24795 20628 4084 209 26284 39366 19683 19683| Native Heap: 141596 142624| TOTAL PSS: 271598 TOTAL RSS: 402684 TOTAL SWAP PSS: 8637|
2026-09-19T11:59:54  Native Heap 140845 140800 28 3447 141828 186780 150916 30430| Dalvik Heap 24547 20380 4084 209 26036 39262 19631 19631| Native Heap: 140800 141828| TOTAL PSS: 269703 TOTAL RSS: 400984 TOTAL SWAP PSS: 8633|
2026-09-19T12:00:54  Native Heap 142169 142124 28 3439 143152 187548 153551 28319| Dalvik Heap 27523 23356 4084 209 29012 40713 20357 20356| Native Heap: 142124 143152| TOTAL PSS: 274866 TOTAL RSS: 405768 TOTAL SWAP PSS: 8601|
2026-09-19T12:01:54  Native Heap 154533 154488 28 3439 155516 194304 161183 27532| Dalvik Heap 29695 25528 4084 209 31184 40534 20267 20267| Native Heap: 154488 155516| TOTAL PSS: 291296 TOTAL RSS: 422324 TOTAL SWAP PSS: 8565|
2026-09-19T12:02:54  Native Heap 148261 148216 28 3439 149244 194560 159098 30069| Dalvik Heap 24635 20468 4084 209 26124 38716 19358 19358| Native Heap: 148216 149244| TOTAL PSS: 279752 TOTAL RSS: 410792 TOTAL SWAP PSS: 8565|
2026-09-19T12:03:55  Native Heap 147669 147624 28 3439 148652 194560 158575 30598| Dalvik Heap 25139 20972 4084 209 26628 38684 19342 19342| Native Heap: 147624 148652| TOTAL PSS: 279903 TOTAL RSS: 410848 TOTAL SWAP PSS: 8565|
2026-09-19T12:04:55  Native Heap 147769 147724 28 3439 148752 194560 158470 30704| Dalvik Heap 23307 19140 4084 209 24796 38540 19270 19270| Native Heap: 147724 148752| TOTAL PSS: 278123 TOTAL RSS: 409072 TOTAL SWAP PSS: 8565|
2026-09-19T12:05:55  Native Heap 153545 153492 36 3435 154528 194716 159422 29934| Dalvik Heap 25094 20928 4084 209 26568 38844 19422 19422| Native Heap: 153492 154528| TOTAL PSS: 285855 TOTAL RSS: 416804 TOTAL SWAP PSS: 8560|
2026-09-19T12:06:55  Native Heap 148577 148524 36 3435 149560 195228 159387 30356| Dalvik Heap 23990 19824 4084 209 25464 38708 19354 19354| Native Heap: 148524 149560| TOTAL PSS: 279743 TOTAL RSS: 410696 TOTAL SWAP PSS: 8560|
2026-09-19T12:07:55  Native Heap 148725 148672 36 3435 149708 195228 159655 30088| Dalvik Heap 23206 19040 4084 209 24680 38324 19162 19162| Native Heap: 148672 149708| TOTAL PSS: 278757 TOTAL RSS: 409820 TOTAL SWAP PSS: 8560|
2026-09-19T12:08:56  Native Heap 150305 150252 36 3431 151288 195612 162720 27437| Dalvik Heap 27036 22872 4084 209 28508 39076 19538 19538| Native Heap: 150252 151288| TOTAL PSS: 284719 TOTAL RSS: 415824 TOTAL SWAP PSS: 8552|
2026-09-19T12:09:56  Native Heap 152415 152360 36 3430 153396 197148 165098 26516| Dalvik Heap 26158 21996 4080 210 27628 39535 19768 19767| Native Heap: 152360 153396| TOTAL PSS: 286071 TOTAL RSS: 417188 TOTAL SWAP PSS: 8561|
2026-09-19T12:10:56  Native Heap 151851 151796 36 3430 152832 196636 164453 27006| Dalvik Heap 29113 24952 4080 210 30584 41680 20840 20840| Native Heap: 151796 152832| TOTAL PSS: 288148 TOTAL RSS: 419836 TOTAL SWAP PSS: 8561|
2026-09-19T12:11:56  Native Heap 156711 156656 36 3430 157692 196444 163013 28261| Dalvik Heap 26241 22080 4080 210 27712 39847 19924 19923| Native Heap: 156656 157692| TOTAL PSS: 289110 TOTAL RSS: 421144 TOTAL SWAP PSS: 8561|
2026-09-19T12:12:57  Native Heap 160811 160756 36 3430 161792 196396 163683 27547| Dalvik Heap 25517 21356 4080 210 26988 40816 20408 20408| Native Heap: 160756 161792| TOTAL PSS: 292496 TOTAL RSS: 424592 TOTAL SWAP PSS: 8561|
2026-09-19T12:13:57  Native Heap 89779 89724 36 3430 90760 147240 97719 44659| Dalvik Heap 26805 22644 4080 210 28276 40512 20256 20256| Native Heap: 89724 90760| TOTAL PSS: 222936 TOTAL RSS: 354824 TOTAL SWAP PSS: 8509|
2026-09-19T12:14:57  Native Heap 87011 86956 36 3430 87992 144576 95668 44077| Dalvik Heap 24433 20272 4080 210 25904 40461 20231 20230| Native Heap: 86956 87992| TOTAL PSS: 216249 TOTAL RSS: 348484 TOTAL SWAP PSS: 8465|
2026-09-19T12:15:57  Native Heap 86635 86580 36 3430 87616 144576 94611 45134| Dalvik Heap 24289 20128 4080 210 25760 40405 20203 20202| Native Heap: 86580 87616| TOTAL PSS: 215854 TOTAL RSS: 348012 TOTAL SWAP PSS: 8461|
2026-09-19T12:16:58  Native Heap 84787 84732 36 3430 85768 143688 92215 46653| Dalvik Heap 23973 19812 4080 210 25444 39804 19902 19902| Native Heap: 84732 85768| TOTAL PSS: 213332 TOTAL RSS: 345452 TOTAL SWAP PSS: 8461|
2026-09-19T12:17:58  Native Heap 84635 84580 36 3430 85616 143688 92488 46383| Dalvik Heap 24173 20012 4080 210 25644 40221 20111 20110| Native Heap: 84580 85616| TOTAL PSS: 212774 TOTAL RSS: 344912 TOTAL SWAP PSS: 8461|
2026-09-19T12:18:58  Native Heap 83195 83140 36 3430 84176 143688 91781 47091| Dalvik Heap 23829 19668 4080 210 25300 39796 19898 19898| Native Heap: 83140 84176| TOTAL PSS: 211307 TOTAL RSS: 343124 TOTAL SWAP PSS: 8461|
2026-09-19T12:19:58  Native Heap 82731 82676 36 3430 83712 143688 90953 47919| Dalvik Heap 23801 19640 4080 210 25272 39780 19890 19890| Native Heap: 82676 83712| TOTAL PSS: 210379 TOTAL RSS: 342648 TOTAL SWAP PSS: 8461|
2026-09-19T12:20:58  Native Heap 83619 83564 36 3430 84600 143688 90929 47942| Dalvik Heap 23577 19416 4080 210 25048 39748 19874 19874| Native Heap: 83564 84600| TOTAL PSS: 212110 TOTAL RSS: 343928 TOTAL SWAP PSS: 8461|
2026-09-19T12:21:59  Native Heap 83847 83792 36 3430 84828 143688 91012 47860| Dalvik Heap 24393 20232 4080 210 25864 39500 19750 19750| Native Heap: 83792 84828| TOTAL PSS: 212534 TOTAL RSS: 344360 TOTAL SWAP PSS: 8461|
2026-09-19T12:22:59  Native Heap 150079 150024 36 3422 151060 200240 161135 34228| Dalvik Heap 24289 20128 4080 210 25760 39709 19855 19854| Native Heap: 150024 151060| TOTAL PSS: 281771 TOTAL RSS: 413788 TOTAL SWAP PSS: 8437|
2026-09-19T12:23:59  Native Heap 151499 151444 36 3422 152480 200240 162352 33105| Dalvik Heap 25689 21528 4080 210 27160 40629 20315 20314| Native Heap: 151444 152480| TOTAL PSS: 284539 TOTAL RSS: 416612 TOTAL SWAP PSS: 8433|
2026-09-19T12:24:59  Native Heap 151383 151328 36 3422 152364 200240 161892 33565| Dalvik Heap 24685 20524 4080 210 26156 40116 20058 20058| Native Heap: 151328 152364| TOTAL PSS: 283443 TOTAL RSS: 415520 TOTAL SWAP PSS: 8433|
2026-09-19T12:25:59  Native Heap 163991 163936 36 3422 164972 210604 176728 29001| Dalvik Heap 35749 31588 4080 210 37220 45371 22686 22685| Native Heap: 163936 164972| TOTAL PSS: 307946 TOTAL RSS: 440304 TOTAL SWAP PSS: 8433|
2026-09-19T12:27:00  Native Heap 162291 162236 36 3422 163272 210604 174168 31561| Dalvik Heap 27125 22964 4080 210 28596 42280 21140 21140| Native Heap: 162236 163272| TOTAL PSS: 298226 TOTAL RSS: 430600 TOTAL SWAP PSS: 8433|
2026-09-19T12:28:00  Native Heap 161747 161704 12 3422 162740 210604 173270 32459| Dalvik Heap 30370 26212 4076 210 31844 44524 22262 22262| Native Heap: 161704 162740| TOTAL PSS: 301842 TOTAL RSS: 435460 TOTAL SWAP PSS: 8431|
2026-09-19T12:29:00  Native Heap 161603 161560 12 3422 162596 210604 173364 32365| Dalvik Heap 27089 22932 4076 210 28564 44251 22126 22125| Native Heap: 161560 162596| TOTAL PSS: 298183 TOTAL RSS: 431912 TOTAL SWAP PSS: 8431|
2026-09-19T12:30:00  Native Heap 163259 163216 12 3422 164252 210860 176085 29990| Dalvik Heap 33905 29748 4076 210 35380 46991 23496 23495| Native Heap: 163216 164252| TOTAL PSS: 306286 TOTAL RSS: 440156 TOTAL SWAP PSS: 8431|
2026-09-19T12:31:01  Native Heap 163135 163092 12 3422 164128 210860 175312 30774| Dalvik Heap 27873 23716 4076 210 29348 44355 22178 22177| Native Heap: 163092 164128| TOTAL PSS: 300802 TOTAL RSS: 434672 TOTAL SWAP PSS: 8431|
2026-09-19T12:32:01  Native Heap 166659 166616 12 3422 167652 210860 173709 32376| Dalvik Heap 26405 22248 4076 210 27880 44251 22126 22125| Native Heap: 166616 167652| TOTAL PSS: 302929 TOTAL RSS: 436708 TOTAL SWAP PSS: 8431|
2026-09-19T12:33:01  Native Heap 167139 167096 12 3422 168132 210860 173057 33028| Dalvik Heap 26365 22208 4076 210 27840 44251 22126 22125| Native Heap: 167096 168132| TOTAL PSS: 303143 TOTAL RSS: 437024 TOTAL SWAP PSS: 8431|
2026-09-19T12:34:01  Native Heap 166303 166260 12 3418 167296 211272 175198 31337| Dalvik Heap 29797 25640 4076 210 31272 43537 21769 21768| Native Heap: 166260 167296| TOTAL PSS: 305197 TOTAL RSS: 439080 TOTAL SWAP PSS: 8355|
2026-09-19T12:35:02 
2026-09-19T12:36:02  Native Heap 140859 140824 4 76 141852 163560 149882 9284| Dalvik Heap 18746 18672 8 169 20296 35613 17807 17806| Native Heap: 140824 141852| TOTAL PSS: 271617 TOTAL RSS: 404688 TOTAL SWAP PSS: 512|
2026-09-19T12:37:02  Native Heap 142831 142796 4 76 143824 165756 152162 9511| Dalvik Heap 28565 24392 4084 47 30140 38417 19209 19208| Native Heap: 142796 143824| TOTAL PSS: 287464 TOTAL RSS: 424104 TOTAL SWAP PSS: 338|
2026-09-19T12:38:02  Native Heap 150299 150264 4 76 151292 174464 161142 8801| Dalvik Heap 26409 22236 4084 47 27984 37400 18700 18700| Native Heap: 150264 151292| TOTAL PSS: 293953 TOTAL RSS: 431456 TOTAL SWAP PSS: 337|
2026-09-19T12:39:03  Native Heap 153087 153052 4 76 154080 176440 163090 8762| Dalvik Heap 25745 21572 4084 47 27320 38257 19129 19128| Native Heap: 153052 154080| TOTAL PSS: 296255 TOTAL RSS: 434820 TOTAL SWAP PSS: 337|
2026-09-19T12:40:03  Native Heap 154603 154568 4 76 155596 178316 164997 8310| Dalvik Heap 29809 25652 4072 47 31344 49243 24667 24576| Native Heap: 154568 155596| TOTAL PSS: 306347 TOTAL RSS: 445524 TOTAL SWAP PSS: 335|
2026-09-19T12:41:04  Native Heap 165815 165780 4 76 166808 199824 178304 16798| Dalvik Heap 42044 37892 4068 47 43576 51208 26632 24576| Native Heap: 165780 166808| TOTAL PSS: 400381 TOTAL RSS: 540364 TOTAL SWAP PSS: 334|
2026-09-19T12:42:04  Native Heap 158799 158764 4 76 159792 193056 168165 20345| Dalvik Heap 29472 25320 4068 47 31004 49588 25012 24576| Native Heap: 158764 159792| TOTAL PSS: 315249 TOTAL RSS: 455264 TOTAL SWAP PSS: 334|
2026-09-19T12:43:04  Native Heap 165111 165076 4 76 166104 201156 175138 21283| Dalvik Heap 28616 24464 4068 47 30148 47721 23861 23860| Native Heap: 165076 166104| TOTAL PSS: 321211 TOTAL RSS: 461288 TOTAL SWAP PSS: 334|
2026-09-19T12:44:04  Native Heap 164131 164096 4 75 165124 201420 173554 22994| Dalvik Heap 25647 21496 4068 46 27180 47361 23681 23680| Native Heap: 164096 165124| TOTAL PSS: 317197 TOTAL RSS: 457448 TOTAL SWAP PSS: 328|
2026-09-19T12:45:05  Native Heap 172067 172032 4 75 173060 209284 184932 19579| Dalvik Heap 31071 26920 4068 46 32604 48160 24080 24080| Native Heap: 172032 173060| TOTAL PSS: 331105 TOTAL RSS: 471560 TOTAL SWAP PSS: 328|
2026-09-19T12:46:05  Native Heap 167251 167216 4 76 168244 198948 171064 22814| Dalvik Heap 28832 24680 4068 47 30364 49710 25134 24576| Native Heap: 167216 168244| TOTAL PSS: 325430 TOTAL RSS: 466200 TOTAL SWAP PSS: 334|
2026-09-19T12:47:05  Native Heap 170707 170672 4 76 171700 206768 182293 19405| Dalvik Heap 34508 30356 4068 47 36040 52279 27703 24576| Native Heap: 170672 171700| TOTAL PSS: 334246 TOTAL RSS: 475344 TOTAL SWAP PSS: 334|
2026-09-19T12:48:05  Native Heap 169235 169200 4 76 170228 205588 178467 22086| Dalvik Heap 29620 25468 4068 47 31152 51086 26510 24576| Native Heap: 169200 170228| TOTAL PSS: 328462 TOTAL RSS: 469576 TOTAL SWAP PSS: 334|
2026-09-19T12:49:06  Native Heap 168335 168300 4 76 169328 205588 178322 22231| Dalvik Heap 31954 27804 4064 47 33488 51879 27303 24576| Native Heap: 168300 169328| TOTAL PSS: 330104 TOTAL RSS: 471340 TOTAL SWAP PSS: 334|
2026-09-19T12:50:06  Native Heap 163183 163148 4 76 164176 198936 172415 21788| Dalvik Heap 33054 28904 4064 47 34588 52431 27855 24576| Native Heap: 163148 164176| TOTAL PSS: 326100 TOTAL RSS: 467444 TOTAL SWAP PSS: 334|
2026-09-19T12:51:06  Native Heap 169779 169744 4 76 170772 206812 181998 20045| Dalvik Heap 34230 30080 4064 47 35764 51440 26864 24576| Native Heap: 169744 170772| TOTAL PSS: 334199 TOTAL RSS: 475912 TOTAL SWAP PSS: 334|
2026-09-19T12:52:07  Native Heap 164919 164884 4 76 165912 199872 175024 20196| Dalvik Heap 30886 26736 4064 47 32420 50668 26092 24576| Native Heap: 164884 165912| TOTAL PSS: 326033 TOTAL RSS: 467724 TOTAL SWAP PSS: 334|
2026-09-19T12:53:09  Native Heap 161855 161820 4 75 162848 204156 170095 29472| Dalvik Heap 27361 23212 4064 46 28896 50387 25811 24576| Native Heap: 161820 162848| TOTAL PSS: 319520 TOTAL RSS: 461304 TOTAL SWAP PSS: 327|
2026-09-19T12:54:11  Native Heap 160875 160840 4 75 161868 204044 169014 30450| Dalvik Heap 26245 22096 4064 46 27780 50091 25515 24576| Native Heap: 160840 161868| TOTAL PSS: 317379 TOTAL RSS: 459176 TOTAL SWAP PSS: 327|
2026-09-19T12:55:12  Native Heap 159471 159436 4 75 160464 203156 167258 31326| Dalvik Heap 25761 21612 4064 46 27296 50010 25434 24576| Native Heap: 159436 160464| TOTAL PSS: 314973 TOTAL RSS: 456888 TOTAL SWAP PSS: 327|
2026-09-19T12:56:13  Native Heap 160203 160168 4 75 161196 203436 168108 30748| Dalvik Heap 26449 22324 4016 46 28008 50054 25478 24576| Native Heap: 160168 161196| TOTAL PSS: 316460 TOTAL RSS: 458328 TOTAL SWAP PSS: 327|
2026-09-19T12:57:13  Native Heap 160571 160536 4 75 161564 203436 169264 29683| Dalvik Heap 27457 23332 4016 46 29016 50318 25742 24576| Native Heap: 160536 161564| TOTAL PSS: 317044 TOTAL RSS: 459160 TOTAL SWAP PSS: 328|
2026-09-19T12:58:13  Native Heap 168155 168120 4 75 169148 210640 179668 26534| Dalvik Heap 32128 28004 4016 46 33688 49406 24830 24576| Native Heap: 168120 169148| TOTAL PSS: 330392 TOTAL RSS: 472396 TOTAL SWAP PSS: 327|
2026-09-19T12:59:14  Native Heap 3437 3336 28 155 4648 14864 7466 2117| Dalvik Heap 314 236 0 222 2120 3654 1827 1827| Native Heap: 3336 4648| TOTAL PSS: 43056 TOTAL RSS: 110816 TOTAL SWAP PSS: 779|
2026-09-19T13:00:15  Native Heap 148411 148376 4 76 149404 165600 152973 8158| Dalvik Heap 27970 23824 4032 47 29572 35490 17745 17745| Native Heap: 148376 149404| TOTAL PSS: 293869 TOTAL RSS: 428368 TOTAL SWAP PSS: 339|
2026-09-19T13:01:16  Native Heap 143963 143928 4 76 144956 166112 151850 9474| Dalvik Heap 23326 19180 4032 47 24928 35226 17613 17613| Native Heap: 143928 144956| TOTAL PSS: 284528 TOTAL RSS: 419476 TOTAL SWAP PSS: 339|
2026-09-19T13:02:17  Native Heap 136777 136748 0 76 137768 157124 145018 8568| Dalvik Heap 20386 20308 8 170 22048 33538 16769 16769| Native Heap: 136748 137768| TOTAL PSS: 272336 TOTAL RSS: 404924 TOTAL SWAP PSS: 516|
2026-09-19T13:03:17  Native Heap 147709 147680 0 76 148700 169876 157980 7033| Dalvik Heap 27878 23728 4036 47 29480 35450 17725 17725| Native Heap: 147680 148700| TOTAL PSS: 294166 TOTAL RSS: 429320 TOTAL SWAP PSS: 339|
2026-09-19T13:04:17  Native Heap 45689 45648 0 78 46692 62432 50804 7321| Dalvik Heap 44728 44632 8 212 46408 34602 17301 17301| Native Heap: 45648 46692| TOTAL PSS: 200786 TOTAL RSS: 331288 TOTAL SWAP PSS: 566|
2026-09-19T13:05:17  Native Heap 151639 151608 0 76 152632 174012 163129 6528| Dalvik Heap 24742 20596 4032 47 26344 35170 17585 17585| Native Heap: 151608 152632| TOTAL PSS: 294113 TOTAL RSS: 428456 TOTAL SWAP PSS: 339|
2026-09-19T13:06:18  Native Heap 152315 152284 0 76 153308 177580 165839 7024| Dalvik Heap 24214 20068 4032 47 25816 35716 17858 17858| Native Heap: 152284 153308| TOTAL PSS: 294971 TOTAL RSS: 429684 TOTAL SWAP PSS: 339|
2026-09-19T13:07:18  Native Heap 150263 150232 0 76 151256 173696 159874 8686| Dalvik Heap 24070 19924 4032 47 25668 38052 19026 19026| Native Heap: 150232 151256| TOTAL PSS: 296831 TOTAL RSS: 434740 TOTAL SWAP PSS: 337|
2026-09-19T13:08:18  Native Heap 150675 150644 0 76 151668 173800 160119 8616| Dalvik Heap 26022 21876 4032 47 27620 38596 19298 19298| Native Heap: 150644 151668| TOTAL PSS: 299310 TOTAL RSS: 437684 TOTAL SWAP PSS: 337|
2026-09-19T13:09:18  Native Heap 150963 150932 0 76 151956 174056 160186 8959| Dalvik Heap 26042 21896 4032 47 27640 38548 19274 19274| Native Heap: 150932 151956| TOTAL PSS: 300017 TOTAL RSS: 438624 TOTAL SWAP PSS: 336|
2026-09-19T13:10:19  Native Heap 86607 86576 0 76 87600 117880 89559 23628| Dalvik Heap 26818 22672 4032 47 28416 37852 18926 18926| Native Heap: 86576 87600| TOTAL PSS: 236390 TOTAL RSS: 374764 TOTAL SWAP PSS: 336|
2026-09-19T13:11:19  Native Heap 85479 85448 0 76 86472 116992 88426 23884| Dalvik Heap 23050 18904 4032 47 24648 37506 18753 18753| Native Heap: 85448 86472| TOTAL PSS: 229440 TOTAL RSS: 367836 TOTAL SWAP PSS: 336|
2026-09-19T13:12:19  Native Heap 85475 85444 0 76 86468 116992 88214 24097| Dalvik Heap 22942 18796 4032 47 24540 37466 18733 18733| Native Heap: 85444 86468| TOTAL PSS: 228924 TOTAL RSS: 367328 TOTAL SWAP PSS: 336|
2026-09-19T13:13:19  Native Heap 144017 143988 0 76 145008 166092 154260 7407| Dalvik Heap 19461 19388 8 170 21012 36179 18090 18089| Native Heap: 143988 145008| TOTAL PSS: 279983 TOTAL RSS: 412844 TOTAL SWAP PSS: 513|
2026-09-19T13:14:19  Native Heap 145915 145880 4 76 146908 168536 154844 8590| Dalvik Heap 30306 26160 4032 47 31908 39583 19792 19791| Native Heap: 145880 146908| TOTAL PSS: 298171 TOTAL RSS: 434944 TOTAL SWAP PSS: 337|
2026-09-19T13:15:20  Native Heap 155447 155412 4 76 156440 188900 165497 18641| Dalvik Heap 29258 25112 4032 47 30860 40758 20379 20379| Native Heap: 155412 156440| TOTAL PSS: 307926 TOTAL RSS: 445408 TOTAL SWAP PSS: 337|
2026-09-19T13:16:20  Native Heap 150519 150484 4 76 151512 182244 158723 18774| Dalvik Heap 26354 22208 4032 47 27956 37780 18890 18890| Native Heap: 150484 151512| TOTAL PSS: 300250 TOTAL RSS: 437848 TOTAL SWAP PSS: 337|
2026-09-19T13:17:20  Native Heap 158011 157976 4 76 159004 191248 167715 18539| Dalvik Heap 30762 26616 4032 47 32364 38350 19175 19175| Native Heap: 157976 159004| TOTAL PSS: 313350 TOTAL RSS: 451556 TOTAL SWAP PSS: 337|
