2026-09-19T11:41:48  Native Heap 70505 70448 0 0 74508 88940 63124 21426| Dalvik Heap 9377 9244 0 0 16700 13948 10461 3487| Native Heap: 70448 74508| TOTAL PSS: 170758 TOTAL RSS: 308848 TOTAL SWAP (KB): 164|
2026-09-19T11:42:48  Native Heap 31868 31812 0 0 35860 46300 39711 2042| Dalvik Heap 19136 19004 0 0 26528 29012 14506 14506| Native Heap: 31812 35860| TOTAL PSS: 131994 TOTAL RSS: 287012 TOTAL SWAP (KB): 124|
2026-09-19T11:43:49  Native Heap 90399 90344 0 0 94372 92040 75503 11877| Dalvik Heap 16853 16720 0 0 24228 29625 14813 14812| Native Heap: 90344 94372| TOTAL PSS: 203784 TOTAL RSS: 360884 TOTAL SWAP (KB): 124|
2026-09-19T11:44:49  Native Heap 158431 158376 0 0 162400 179792 154669 20053| Dalvik Heap 18138 18004 0 0 25508 35172 17586 17586| Native Heap: 158376 162400| TOTAL PSS: 285174 TOTAL RSS: 446984 TOTAL SWAP (KB): 124|
2026-09-19T11:45:49  Native Heap 163995 163940 0 0 167964 180436 155469 19766| Dalvik Heap 19830 19696 0 0 27200 35789 17895 17894| Native Heap: 163940 167964| TOTAL PSS: 293411 TOTAL RSS: 455752 TOTAL SWAP (KB): 124|
2026-09-19T11:46:49  Native Heap 167035 166980 0 0 171004 189448 165025 19291| Dalvik Heap 21795 21664 0 0 29052 37110 18555 18555| Native Heap: 166980 171004| TOTAL PSS: 298786 TOTAL RSS: 462188 TOTAL SWAP (KB): 124|
2026-09-19T11:47:49  Native Heap 164343 164288 0 0 168312 184456 160567 18503| Dalvik Heap 21299 21168 0 0 28548 38716 19358 19358| Native Heap: 164288 168312| TOTAL PSS: 295921 TOTAL RSS: 460116 TOTAL SWAP (KB): 124|
2026-09-19T11:48:50  Native Heap 164417 164408 0 42 165496 189476 165939 18138| Dalvik Heap 23739 23636 0 27 29412 38071 19036 19035| Native Heap: 164408 165496| TOTAL PSS: 299547 TOTAL RSS: 450932 TOTAL SWAP PSS: 158|
2026-09-19T11:49:50  Native Heap 161053 161044 0 42 162132 186736 164677 16688| Dalvik Heap 25123 25020 0 27 30788 40273 20137 20136| Native Heap: 161044 162132| TOTAL PSS: 298169 TOTAL RSS: 450056 TOTAL SWAP PSS: 158|
2026-09-19T11:50:50  Native Heap 162506 162496 0 43 163584 189092 166587 17234| Dalvik Heap 26633 26528 0 28 32288 41120 20560 20560| Native Heap: 162496 163584| TOTAL PSS: 302345 TOTAL RSS: 456380 TOTAL SWAP PSS: 161|
2026-09-19T11:51:50  Native Heap 171786 171768 0 74 172856 198284 175581 17564| Dalvik Heap 26710 26544 0 44 32304 40518 20259 20259| Native Heap: 171768 172856| TOTAL PSS: 313182 TOTAL RSS: 466356 TOTAL SWAP PSS: 279|
2026-09-19T11:52:51  Native Heap 171622 171604 0 74 172692 199028 177580 16514| Dalvik Heap 29758 29592 0 44 35352 42266 21133 21133| Native Heap: 171604 172692| TOTAL PSS: 316602 TOTAL RSS: 469980 TOTAL SWAP PSS: 279|
2026-09-19T11:53:51  Native Heap 177654 177636 0 74 178724 207284 183831 18480| Dalvik Heap 30010 29844 0 44 35604 42066 21033 21033| Native Heap: 177636 178724| TOTAL PSS: 323433 TOTAL RSS: 476968 TOTAL SWAP PSS: 279|
2026-09-19T11:54:51  Native Heap 182150 182132 0 74 183220 213296 188521 19628| Dalvik Heap 24866 24700 0 44 30460 41019 20510 20509| Native Heap: 182132 183220| TOTAL PSS: 322461 TOTAL RSS: 476112 TOTAL SWAP PSS: 279|
2026-09-19T11:55:51  Native Heap 40114 40096 0 75 41188 55496 48373 3222| Dalvik Heap 44567 44396 0 47 50180 51299 26723 24576| Native Heap: 40096 41188| TOTAL PSS: 171889 TOTAL RSS: 316764 TOTAL SWAP PSS: 289|
2026-09-19T11:56:51  Native Heap 41850 41832 0 75 42924 57280 50209 3232| Dalvik Heap 27667 27492 4 46 33280 51796 27220 24576| Native Heap: 41832 42924| TOTAL PSS: 156761 TOTAL RSS: 302128 TOTAL SWAP PSS: 288|
2026-09-19T11:57:52  Native Heap 141234 141216 0 74 142304 159600 145849 8968| Dalvik Heap 20714 20512 32 45 26416 36422 18211 18211| Native Heap: 141216 142304| TOTAL PSS: 268873 TOTAL RSS: 411656 TOTAL SWAP PSS: 282|
2026-09-19T11:58:52  Native Heap 137757 137740 0 70 138828 160808 144112 11513| Dalvik Heap 21559 21396 0 43 27184 38321 19161 19160| Native Heap: 137740 138828| TOTAL PSS: 265959 TOTAL RSS: 411552 TOTAL SWAP PSS: 269|
2026-09-19T11:59:52  Native Heap 138481 138464 0 70 139552 160808 144130 11726| Dalvik Heap 19799 19636 0 43 25424 38129 19065 19064| Native Heap: 138464 139552| TOTAL PSS: 265120 TOTAL RSS: 410656 TOTAL SWAP PSS: 269|
2026-09-19T12:00:52  Native Heap 138865 138848 0 70 139936 161320 144536 11610| Dalvik Heap 19075 18912 0 43 24700 38097 19049 19048| Native Heap: 138848 139936| TOTAL PSS: 264563 TOTAL RSS: 410184 TOTAL SWAP PSS: 269|
2026-09-19T12:01:52  Native Heap 145197 145180 0 70 146264 161616 145545 11109| Dalvik Heap 19803 19640 0 43 25428 38177 19089 19088| Native Heap: 145180 146264| TOTAL PSS: 271906 TOTAL RSS: 417396 TOTAL SWAP PSS: 271|
2026-09-19T12:02:53  Native Heap 139977 139960 0 70 141044 163052 145835 12269| Dalvik Heap 19563 19400 0 43 25188 38073 19037 19036| Native Heap: 139960 141044| TOTAL PSS: 266109 TOTAL RSS: 412196 TOTAL SWAP PSS: 271|
2026-09-19T12:03:53  Native Heap 140129 140112 0 70 141196 163308 146181 12096| Dalvik Heap 19535 19372 0 43 25160 37337 18669 18668| Native Heap: 140112 141196| TOTAL PSS: 266629 TOTAL RSS: 412616 TOTAL SWAP PSS: 271|
2026-09-19T12:04:53  Native Heap 140641 140624 0 70 141708 163564 146550 12094| Dalvik Heap 18951 18788 0 43 24576 37417 18709 18708| Native Heap: 140624 141708| TOTAL PSS: 266451 TOTAL RSS: 412320 TOTAL SWAP PSS: 271|
2026-09-19T12:05:53  Native Heap 32398 32380 0 74 33468 47524 39252 3535| Dalvik Heap 36022 35836 0 45 41736 48539 24270 24269| Native Heap: 32380 33468| TOTAL PSS: 153868 TOTAL RSS: 296420 TOTAL SWAP PSS: 284|
2026-09-19T12:06:54  Native Heap 16578 16560 0 16362 17648 49804 38153 7379| Dalvik Heap 259 96 0 25377 5792 31898 23924 7974| Native Heap: 16560 17648| TOTAL PSS: 145395 TOTAL RSS: 213656 TOTAL SWAP PSS: 77884|
2026-09-19T12:07:54  Native Heap 33210 33192 0 15626 34280 65368 58469 2728| Dalvik Heap 32647 32480 4 3276 38180 51729 27153 24576| Native Heap: 33192 34280| TOTAL PSS: 173845 TOTAL RSS: 275968 TOTAL SWAP PSS: 46519|
2026-09-19T12:08:54  Native Heap 44102 44084 0 74 45168 63828 50749 8765| Dalvik Heap 19906 19720 0 45 25624 35763 17882 17881| Native Heap: 44084 45168| TOTAL PSS: 166175 TOTAL RSS: 308432 TOTAL SWAP PSS: 284|
2026-09-19T12:09:54  Native Heap 150046 150028 0 74 151112 168584 154893 9005| Dalvik Heap 25895 25728 0 44 31516 38694 19347 19347| Native Heap: 150028 151112| TOTAL PSS: 284188 TOTAL RSS: 429684 TOTAL SWAP PSS: 283|
2026-09-19T12:10:54  Native Heap 137958 137940 0 74 139024 161312 145382 11454| Dalvik Heap 22075 21908 0 44 27696 38911 19456 19455| Native Heap: 137940 139024| TOTAL PSS: 269644 TOTAL RSS: 415844 TOTAL SWAP PSS: 283|
2026-09-19T12:11:55  Native Heap 138230 138212 0 74 139296 161568 145042 11948| Dalvik Heap 20579 20412 0 44 26200 37351 18676 18675| Native Heap: 138212 139296| TOTAL PSS: 268596 TOTAL RSS: 414924 TOTAL SWAP PSS: 283|
