2026-09-19T11:43:47  Native Heap 213929 213872 0 0 217892 233632 212168 16782| Dalvik Heap 12943 12808 0 0 20360 19600 9800 9800| Native Heap: 213872 217892| TOTAL PSS: 328845 TOTAL RSS: 464772 TOTAL SWAP (KB): 136|
2026-09-19T11:44:47  Native Heap 233013 232956 0 0 236952 255804 237582 12904| Dalvik Heap 22928 22792 0 0 30296 37249 18625 18624| Native Heap: 232956 236952| TOTAL PSS: 369263 TOTAL RSS: 524988 TOTAL SWAP (KB): 128|
2026-09-19T11:45:48  Native Heap 233821 233764 0 0 237760 256316 238740 12733| Dalvik Heap 19860 19724 0 0 27228 36943 18472 18471| Native Heap: 233764 237760| TOTAL PSS: 367219 TOTAL RSS: 523280 TOTAL SWAP (KB): 128|
2026-09-19T11:46:48  Native Heap 29228 29172 0 0 33200 42796 37044 2034| Dalvik Heap 13367 13232 0 0 20756 27449 13725 13724| Native Heap: 29172 33200| TOTAL PSS: 121832 TOTAL RSS: 276248 TOTAL SWAP (KB): 128|
2026-09-19T11:47:48  Native Heap 32740 32684 0 0 36704 47124 40574 1975| Dalvik Heap 19295 19160 0 0 26672 29130 14565 14565| Native Heap: 32684 36704| TOTAL PSS: 132219 TOTAL RSS: 287056 TOTAL SWAP (KB): 128|
2026-09-19T11:48:48  Native Heap 298296 298240 0 0 302236 340140 320943 11453| Dalvik Heap 17338 17204 0 0 24692 35737 17869 17868| Native Heap: 298240 302236| TOTAL PSS: 425901 TOTAL RSS: 585688 TOTAL SWAP (KB): 128|
2026-09-19T11:49:49  Native Heap 417904 417848 0 0 421844 471544 404341 57525| Dalvik Heap 37808 37676 0 0 45052 49556 24980 24576| Native Heap: 417848 421844| TOTAL PSS: 568282 TOTAL RSS: 729816 TOTAL SWAP (KB): 128|
2026-09-19T11:50:49  Native Heap 327532 327476 0 0 331472 388584 319649 63653| Dalvik Heap 33368 33236 0 0 40612 44777 22389 22388| Native Heap: 327476 331472| TOTAL PSS: 473500 TOTAL RSS: 634976 TOTAL SWAP PSS: 3|
2026-09-19T11:51:49  Native Heap 346336 346280 0 0 350276 389588 318623 65674| Dalvik Heap 29124 28992 0 0 36368 44072 22036 22036| Native Heap: 346280 350276| TOTAL PSS: 487959 TOTAL RSS: 649564 TOTAL SWAP PSS: 3|
2026-09-19T11:52:49  Native Heap 367002 366984 0 31 368820 416996 352469 58710| Dalvik Heap 25779 25676 0 28 31420 44656 22328 22328| Native Heap: 366984 368820| TOTAL PSS: 505609 TOTAL RSS: 657556 TOTAL SWAP PSS: 150|
2026-09-19T11:53:50  Native Heap 355462 355420 0 54 357256 418232 339796 72959| Dalvik Heap 22810 22644 0 45 28388 44504 22252 22252| Native Heap: 355420 357256| TOTAL PSS: 492359 TOTAL RSS: 643092 TOTAL SWAP PSS: 255|
2026-09-19T11:54:50  Native Heap 397254 397212 0 54 399048 466728 361474 99779| Dalvik Heap 30230 30064 0 45 35808 44736 22368 22368| Native Heap: 397212 399048| TOTAL PSS: 541759 TOTAL RSS: 692496 TOTAL SWAP PSS: 255|
2026-09-19T11:55:50  Native Heap 392498 392456 0 54 394292 464952 360369 99124| Dalvik Heap 30142 29976 0 45 35720 44736 22368 22368| Native Heap: 392456 394292| TOTAL PSS: 536707 TOTAL RSS: 687444 TOTAL SWAP PSS: 255|
2026-09-19T11:56:51  Native Heap 391814 391772 0 54 393608 464952 360391 99102| Dalvik Heap 30202 30036 0 45 35780 44768 22384 22384| Native Heap: 391772 393608| TOTAL PSS: 535541 TOTAL RSS: 686380 TOTAL SWAP PSS: 255|
2026-09-19T11:57:51  Native Heap 390774 390732 0 54 392568 464952 359550 99943| Dalvik Heap 30350 30184 0 45 35928 44848 22424 22424| Native Heap: 390732 392568| TOTAL PSS: 534647 TOTAL RSS: 685488 TOTAL SWAP PSS: 255|
2026-09-19T11:58:51  Native Heap 398186 398144 0 54 399980 472184 371854 94783| Dalvik Heap 38214 38048 0 45 43792 40313 20157 20156| Native Heap: 398144 399980| TOTAL PSS: 550235 TOTAL RSS: 701584 TOTAL SWAP PSS: 255|
2026-09-19T11:59:51  Native Heap 396986 396944 0 54 398780 473116 368692 98805| Dalvik Heap 29662 29496 0 45 35236 40955 20478 20477| Native Heap: 396944 398780| TOTAL PSS: 541516 TOTAL RSS: 692608 TOTAL SWAP PSS: 255|
2026-09-19T12:00:52  Native Heap 396154 396112 0 57 397948 473420 367342 100427| Dalvik Heap 31979 31808 0 47 37548 42429 21215 21214| Native Heap: 396112 397948| TOTAL PSS: 543433 TOTAL RSS: 694684 TOTAL SWAP PSS: 264|
2026-09-19T12:01:52  Native Heap 390066 390024 0 57 391860 466008 359991 100462| Dalvik Heap 28987 28816 0 47 34556 39891 19946 19945| Native Heap: 390024 391860| TOTAL PSS: 534389 TOTAL RSS: 685688 TOTAL SWAP PSS: 264|
2026-09-19T12:02:52  Native Heap 389838 389796 0 57 391632 466008 360320 100133| Dalvik Heap 29087 28916 0 47 34656 40523 20262 20261| Native Heap: 389796 391632| TOTAL PSS: 534312 TOTAL RSS: 685712 TOTAL SWAP PSS: 264|
2026-09-19T12:03:52  Native Heap 395302 395260 0 57 397096 472924 366785 100528| Dalvik Heap 30011 29840 0 47 35580 41643 20822 20821| Native Heap: 395260 397096| TOTAL PSS: 540781 TOTAL RSS: 692268 TOTAL SWAP PSS: 264|
2026-09-19T12:04:52  Native Heap 394714 394672 0 57 396508 472392 365919 100918| Dalvik Heap 28107 27936 0 47 33676 39833 19917 19916| Native Heap: 394672 396508| TOTAL PSS: 538782 TOTAL RSS: 690308 TOTAL SWAP PSS: 264|
2026-09-19T12:05:53  Native Heap 393986 393944 0 57 395780 472200 364831 101821| Dalvik Heap 26967 26796 0 47 32536 39737 19869 19868| Native Heap: 393944 395780| TOTAL PSS: 536373 TOTAL RSS: 687900 TOTAL SWAP PSS: 264|
2026-09-19T12:06:53  Native Heap 460698 460656 0 57 462492 575432 451660 118699| Dalvik Heap 25955 25784 0 47 31524 41393 20697 20696| Native Heap: 460656 462492| TOTAL PSS: 602602 TOTAL RSS: 754144 TOTAL SWAP PSS: 264|
2026-09-19T12:07:53  Native Heap 332102 332060 0 57 333896 523288 306500 211779| Dalvik Heap 43187 43016 0 47 48756 45513 22757 22756| Native Heap: 332060 333896| TOTAL PSS: 490878 TOTAL RSS: 642472 TOTAL SWAP PSS: 264|
2026-09-19T12:08:53  Native Heap 324810 324768 0 57 326604 520028 303406 211653| Dalvik Heap 30811 30640 0 47 36380 40057 20029 20028| Native Heap: 324768 326604| TOTAL PSS: 471222 TOTAL RSS: 622816 TOTAL SWAP PSS: 264|
2026-09-19T12:09:53  Native Heap 332426 332384 0 57 334220 521056 306751 209265| Dalvik Heap 32175 32004 0 47 37744 41292 20646 20646| Native Heap: 332384 334220| TOTAL PSS: 481011 TOTAL RSS: 632808 TOTAL SWAP PSS: 264|
2026-09-19T12:10:54  Native Heap 326834 326792 0 57 328628 521132 306680 209404| Dalvik Heap 31443 31272 0 47 37012 41908 20954 20954| Native Heap: 326792 328628| TOTAL PSS: 474137 TOTAL RSS: 625816 TOTAL SWAP PSS: 264|
2026-09-19T12:11:54  Native Heap 320386 320344 0 57 322180 514020 298568 210467| Dalvik Heap 29023 28852 0 47 34592 40020 20010 20010| Native Heap: 320344 322180| TOTAL PSS: 465853 TOTAL RSS: 617588 TOTAL SWAP PSS: 264|
2026-09-19T12:12:54  Native Heap 319894 319852 0 57 321688 513464 298056 210479| Dalvik Heap 28099 27928 0 47 33668 40130 20065 20065| Native Heap: 319852 321688| TOTAL PSS: 463897 TOTAL RSS: 615632 TOTAL SWAP PSS: 264|
2026-09-19T12:13:54  Native Heap 319510 319468 0 57 321304 513464 297473 211062| Dalvik Heap 28267 28096 0 47 33836 39826 19913 19913| Native Heap: 319468 321304| TOTAL PSS: 463677 TOTAL RSS: 615412 TOTAL SWAP PSS: 264|
2026-09-19T12:14:55  Native Heap 319678 319636 0 57 321472 513464 297554 210981| Dalvik Heap 27495 27324 0 47 33064 39330 19665 19665| Native Heap: 319636 321472| TOTAL PSS: 463161 TOTAL RSS: 614900 TOTAL SWAP PSS: 264|
2026-09-19T12:15:55  Native Heap 319470 319428 0 57 321264 513464 297185 211350| Dalvik Heap 27055 26884 0 47 32624 39322 19661 19661| Native Heap: 319428 321264| TOTAL PSS: 462100 TOTAL RSS: 614092 TOTAL SWAP PSS: 264|
2026-09-19T12:16:55  Native Heap 326810 326768 0 57 328604 520636 307634 207851| Dalvik Heap 33195 33024 0 47 38764 43403 21702 21701| Native Heap: 326768 328604| TOTAL PSS: 476123 TOTAL RSS: 628200 TOTAL SWAP PSS: 264|
2026-09-19T12:17:55  Native Heap 321310 321268 0 57 323104 513720 299487 209138| Dalvik Heap 28855 28684 0 47 34424 42379 21190 21189| Native Heap: 321268 323104| TOTAL PSS: 466712 TOTAL RSS: 618944 TOTAL SWAP PSS: 264|
2026-09-19T12:18:55  Native Heap 320838 320796 0 57 322632 513528 298729 209712| Dalvik Heap 28307 28136 0 47 33876 42379 21190 21189| Native Heap: 320796 322632| TOTAL PSS: 465670 TOTAL RSS: 617960 TOTAL SWAP PSS: 264|
2026-09-19T12:19:56  Native Heap 326410 326368 0 57 328204 520444 301732 213573| Dalvik Heap 30787 30616 0 47 36356 39922 19961 19961| Native Heap: 326368 328204| TOTAL PSS: 473301 TOTAL RSS: 625828 TOTAL SWAP PSS: 264|
2026-09-19T12:20:56  Native Heap 333138 333096 0 57 334932 527552 314633 207735| Dalvik Heap 26411 26240 0 47 31980 42676 21338 21338| Native Heap: 333096 334932| TOTAL PSS: 476565 TOTAL RSS: 629668 TOTAL SWAP PSS: 264|
2026-09-19T12:21:56  Native Heap 337246 337204 0 57 339040 527552 319879 202623| Dalvik Heap 37043 36872 0 47 42612 45366 22683 22683| Native Heap: 337204 339040| TOTAL PSS: 491774 TOTAL RSS: 645004 TOTAL SWAP PSS: 264|
2026-09-19T12:22:56 
2026-09-19T12:23:57 
2026-09-19T12:24:57  Native Heap 256818 256776 0 57 258616 303804 254262 44666| Dalvik Heap 35256 35056 0 47 40928 44624 22312 22312| Native Heap: 256776 258616| TOTAL PSS: 401871 TOTAL RSS: 546200 TOTAL SWAP PSS: 264|
2026-09-19T12:25:57  Native Heap 267986 267944 0 57 269784 315756 268903 41965| Dalvik Heap 38108 37932 4 47 43692 42606 21303 21303| Native Heap: 267944 269784| TOTAL PSS: 417358 TOTAL RSS: 563748 TOTAL SWAP PSS: 264|
